gene,time,total_sites_high,no_silent_sites_high,no_replacement_sites_high,rm/sm,no_of_adaptations
vic,0,NaN,NaN,NaN,NaN,NaN
vic,1,0.014,0.014,0.0,NaN,NaN
vic,2,1.0,1.0,0.0,NaN,NaN
vic,3,2.0,2.0,0.0,NaN,NaN
vic,4,1.0,1.0,0.0,NaN,NaN

nonvic,0,NaN,NaN,NaN,NaN,NaN
nonvic,1,4.34,2.34,2.0,0.8547008547008548,0.2491397566334821
nonvic,2,5.112,3.044,2.068,0.6793692509855453,0.0
nonvic,3,5.0,2.9968944099378882,2.0031055900621118,0.6683937823834196,0.0
nonvic,4,10.566,6.676222222222223,3.889777777777778,0.5826315614286189,0.0
nonvic,5,4.234,2.1300024283632832,2.1039975716367167,0.9877911609957417,0.5102639946728652

