P1,3.8094224049331964,0.23936630504148054,4.1984616889468525,4.047845721544792,0.9587450623141647,2.0635147540983607,2.152,2.9179999999999997,2.172,3.05,1.0721983290955321,1.342168246445498,2.860773669972948,3.0592761836441893,1.398,3.041210408254823,3.7282928956142602,3.012,1.2043698630136985,0.17998120672601384,0.06019771863117873,1.2360000000000002,2.1172659511031604,2.024978387364921,1.0337886959734024,1.146167429094236,1.274,4.0159343549710576,0.18568689541706318,1.2080000000000002,2.842894117647059,1.05,1.8859848165331083,2.1125676037483267,1.99,2.2448175648702597,3.8812890025575437,3.766388812471343,1.0389163179916319,1.4020000000000004,1.5640000000000005,2.1301374722838133,3.8919999999999995,3.861999999999999,2.2757261648745506,2.9339999999999997,2.283228494623655,3.119513513513513,2.1641617021276596,1.919913073713491,2.883565998204131,2.9859999999999993,3.9040351758793967,1.0378494495685808,2.159981703026038,1.0525646779690898,3.062,3.850935584184807,2.825371522996419,0.962,2.855513855421686,0.07038898820164462,3.0230055415617123,4.92,1.962,2.096,2.1436932135110003,2.8217457420924577,0.33538592147152463,5.0263715846994526,2.398,0.2793966861598441,1.320260420229987,2.1332540907687547,2.1367992576554284,2.0819999999999994,2.958,0.21221389539422328,2.110753822152885,2.8494776490066225,1.1269953256182788,5.7631261146496815,1.1811108462455306,1.958,0.21506618705035968,0.17927580730545264,3.1676484614433456,0.042906292749658,2.8979999999999997,1.05,1.0708603351955308,1.9845247989276142,1.3132076677316298,0.07833287101248267,3.028,3.096731531531531,0.1715357590966123,3.7655635341866995,1.3920000000000003,1.359834890965732,3.052,0.10351717239079693,0.0712963040300689,3.8656543371522094,2.0839999999999996,2.0731418208197314,1.0499618959107808,3.9097614555256057,3.8160000000000003,2.1761459726664723,4.117999999999999,1.3880000000000003,5.912000000000001,4.971415065722952,3.131506537805571,4.087999999999999,1.046,1.630829528897523,1.998,3.4069026696329243,2.8779999999999997,2.9779999999999998,0.9786492702344096,3.130445556209535,3.966901265822785,0.03294846664558963,3.823546651402404,0.222,3.0779999999999994,0.16800000000000004,3.910945689655172,1.3284793906810037,1.112,2.3810477053140096,4.8462048857368005,5.226998162440281,1.0194955798231928,0.021486963835155602,2.0919999999999996,2.890396877033181,0.1924830991264717,4.146918670076724,2.1399999999999997,2.1605240289664254,0.4999161462979483,5.846960219478738,1.2034976303317537,1.9138076639646278,3.236268446943078,1.9130915841584157,2.995557879552831,1.4402764976958524,2.0401996261682243,3.0180000000000002,2.0018751926040053,5.044605427974949,2.292,2.0388363232487374,0.32992155397833395,2.8919555302166473,3.1240715343795804,1.2238639781271363,4.032,1.2062970711297072,0.9736415584415585,2.005988089061929,1.2378478260869568,0.21040080160320643,3.192913026367572,1.5004051724137935,1.2910755287009066,1.066,1.0939453815261044,3.8679999999999994,0.4900000000000001,1.992,3.1209996933455995,2.987121445788437,2.963660320329466,2.152,3.163377472128999,1.4466112580123016,1.998,0.2679301164725458,2.8594584450402145,3.0464113384322262,2.108923779172857,2.964134831460674,0.05852155936207913,0.19823648960739035,5.743999999999999,4.835656974604341,2.1839999999999993,4.806,2.9759999999999995,2.138,3.1019999999999994,1.084,1.0723742857142857,2.0439999999999996,1.1720000000000002,3.0074173272933185,0.95341926910299,2.098,0.11205221932114884,1.1600000000000001,2.2961186749180924,2.0068174031829704,1.0291556617866746,4.1472888592394925,2.112,1.032,1.1980000000000002,4.8095511760966305,3.0591592968750003,0.23600000000000004,2.1824537654909433,3.9209144119271118,0.9435966952264382,2.170480405606567,3.9019999999999992,3.0563070996147483,1.896031208433254,3.0386061951548218,2.0474807017543855,1.279128811155755,0.14400000000000002,1.9742567975830818,1.0469466576637407,1.2777361055577772,0.25680261437908497,2.8784464369985847,2.1039999999999996,2.0354367816091954,1.0956383082158485,0.10951247600767755,0.9794555112881806,2.9489182682133013,2.2079999999999997,2.1054094628246176,1.9677505481994138,2.8404851137860225,1.0990049019607842,2.118316581196581,2.012,5.65046408839779,0.43000000000000005,3.1329681159420284,2.0564708143165986,2.244
P2,0.0,0.0,0.0,0.0,0.0,0.0,1.7003038240399488,0.0,0.0,0.0,0.0,0.0,0.18426726582574388,0.0,0.0,0.0,0.0,0.0,0.0,0.0,0.0,0.0,0.0,1.7715512947624916,0.0,0.0,0.0,0.0,0.0,0.0,0.0,0.0,0.0,0.0,0.0,0.0,0.0,0.0,0.0,0.0,0.0,2.1483225817441576,0.0,0.0,0.0,0.0,0.0,0.0,0.0,0.0,0.0,0.0,0.0,0.0,0.0,0.0,0.0,0.0,0.0,0.0,1.3874190722893218,0.0,0.0,0.0,0.0,0.0,0.0,0.0,0.0,0.0,0.0,0.0,0.0,0.0,0.0,0.0,1.1328658798397897,0.0,0.9975338930325753,0.0,0.0,0.0,0.0,0.0,0.5423624696050584,0.0,0.0,0.0,0.0,0.0,0.0,0.0,0.0,0.0,0.0,0.0,1.2592628111566593,0.0,0.0,0.0,0.0,0.0,0.0,0.0,0.0,0.0,0.0,0.0,0.0,0.0,0.0,0.0,0.0,0.0,0.0,0.0,0.2524664611306412,0.0,0.12218681607357584,0.0,0.0,0.0,0.0,0.0,0.0,0.0,0.0,0.6011244990913223,0.0,0.0,0.0,0.0,0.0,0.0,0.0,0.0,0.0,0.0,2.193580622772991,0.0,0.0,0.0,0.0,0.0,0.0,0.0,0.0,0.0,0.0,0.0,0.0,0.44369939165229944,2.3529588303765747,0.0,0.0,0.0,0.0,0.27899389084449105,0.0,0.0,0.0,0.0,0.0,0.0,0.0,1.8906416907056716,0.0,0.0,1.0274155640737028,0.0,0.0,0.0,0.0,0.0,0.0,0.0,0.0,0.0,4.935054961242077,1.5066720717005029,0.0,0.0,0.0,0.0,0.0,0.0,0.0,1.9735886662746263,0.0,0.0,0.0,0.0,0.0,0.0,0.0,0.0,0.0,0.0,0.0,0.0,0.0,0.0,0.0,0.0,0.0,0.0,0.0,1.1468264324148836,0.0,0.0,0.0,0.0,0.0,0.0,0.0,0.5420751800744318,0.0,3.1960766739234314,0.0,0.0,0.0,0.0,0.004491455974741495,0.0,0.0,0.0,0.0,0.0,0.0,0.0,0.0,0.0,0.0,0.0,0.0,0.0,0.0,3.040834435559526,0.0,0.0,0.0,0.06527392078254933,0.0,1.1157178695053445,0.0,0.0,0.0,0.0,0.0,0.0
P3,7.457397439365844,5.643999999999999,9.148,4.224980563893654,4.270052555989655,5.7799999999999985,NaN,8.501999999999997,9.366,10.079537337832065,7.114469381121475,8.713999999999999,11.400140012700113,6.234,8.824485549357272,10.858,8.327150757836858,8.801726891445727,8.144226824163914,9.902801227927533,NaN,7.278585467441334,8.581999999999999,10.459138153109858,6.838249062954592,9.54270429276424,7.158685594666901,NaN,NaN,6.913999999999999,7.085028148869764,7.049575044963394,9.587753321176784,NaN,9.30916671552195,NaN,9.62499754830667,7.945195819936151,11.112,9.509774136954086,10.557698797596887,10.528,13.72,7.997515961697193,6.1943043378654306,7.5083146583520275,10.204193995287682,7.423314386913319,8.8716854043894,11.97810662439714,6.879999999999999,7.169296329941861,7.987999999999999,6.215835582349304,NaN,10.350887662493179,8.929999999999998,8.950000000000001,10.25813081459519,4.849649639177474,16.935030529573375,9.215637094039636,NaN,9.491999999999999,NaN,4.85230563401049,5.739999999999999,5.5279275991512975,10.175999999999998,9.017999999999999,7.489999999999999,5.610266427971558,11.135153229847111,12.181999999999997,5.996960563336446,7.2379999999999995,6.450445628630107,10.829586906305467,NaN,9.73,4.967315934384222,5.2477544848861095,7.374905968889281,7.78371977954289,8.047869244390856,8.858114550997678,10.038517453176535,6.569219743006672,NaN,10.094000000000001,7.645999999999998,6.9559999999999995,11.569465068101469,4.524203975486359,NaN,NaN,11.669369011892526,7.938000000000001,NaN,14.791522045179509,10.462,NaN,10.75045994102848,6.199999999999998,13.142325978683981,8.88964524181063,5.324,10.442726671679834,7.756,7.459316566171542,6.114945858367321,9.50812904694105,NaN,1.4141256865874843,11.098007263127647,7.808461560478522,11.732,5.754,7.960322994641473,NaN,9.454,8.206696015155764,6.886759287730969,NaN,6.241696518697623,6.523999999999997,9.033255702441128,5.108,9.55373460064392,8.983999999999998,NaN,6.277689854027144,9.431999999999999,8.274,12.016341723209838,9.03597293522981,8.773569615030034,NaN,9.195010653703557,7.281874065752565,4.867968485911533,10.382661182134528,9.329771335374785,11.20021626855823,12.325642787074278,11.669999999999998,6.057216931216931,7.682844375673888,8.817689035454354,12.018699976217292,12.817192209015724,6.034873314397325,4.4959999999999996,11.350340533356555,8.007586669689413,6.524578087878464,7.3340000000000005,7.8398870992958685,NaN,NaN,NaN,11.139891225479404,11.872,6.8350719014225145,11.264696459708734,9.928869498355347,NaN,7.0529186570750175,10.869999999999997,6.028,11.666000000000002,NaN,9.273999999999997,11.286000000000001,9.146000000000003,12.897025586718692,NaN,15.78388236933434,7.433362274144596,6.822160040372903,10.177053336335073,8.633040017963475,9.374,6.181719590909626,NaN,9.437869238351356,10.942714948062642,3.468103717944819,NaN,9.902572903740905,NaN,9.917971876977175,12.161999999999999,7.275702844213944,7.624258793702572,4.540787771898882,10.005999999999998,NaN,6.206,7.6339999999999995,4.555999999999999,8.652050724266342,14.015999999999998,7.793999999999999,12.224948139522496,10.314520516239762,8.23466514450893,9.130878063940276,5.766397495226583,7.722062338344181,7.483736118369796,NaN,8.571517013471047,8.975326450977118,9.376,7.081490932943989,6.767263813760554,9.447999999999999,8.075999999999999,NaN,10.222859459882583,NaN,10.205999999999998,4.449535015260132,9.854676768552974,17.306967379972114,10.892806106659295,5.449999999999999,10.296317894902495,11.947741072467815,7.973999999999999,6.2519424200828375,8.584164358726845,7.422970256800275,7.280003667104378,NaN,NaN,6.3340000000000005,7.0574656105076015,8.758000000000001,8.186,5.335999999999999,7.496182857101278,8.998292843859524,4.535239847600905,14.529034138251744,9.32854033959408,7.430294812102463,9.451999999999998,12.806
P4,0.07920934256055363,0.039999999999999994,0.08730968218773098,0.055732620320855616,0.2075283495846876,0.30400000000000005,0.14200000000000002,0.09266032822624601,0.122,0.122,0.192,NaN,0.036,0.04,0.11000000000000001,0.057999999999999996,0.06597087240693379,0.122,0.04494748990190422,0.0020,0.058,0.04905137599515166,0.10845123726346435,0.04667380697369986,0.3167062094531974,0.14,0.20000000000000004,0.2698940138485594,0.07490594820335837,0.23523696248856357,0.14800000000000002,0.088,0.106,0.04200000000000001,0.060000000000000005,0.29400000000000004,0.20133993072736275,0.104,0.2945320045789194,0.044,0.1,0.1,0.07847600982729967,0.1,NaN,0.28323013366139116,0.04242528735632183,NaN,0.11000000000000001,0.26355190017016444,0.0020,0.13055694207277027,0.11,0.12451003844510895,0.134,0.23848221670802316,0.24,0.136,0.16399999999999998,0.062,0.394,0.15,0.066,0.1608215200683177,0.046,0.052000000000000005,0.084,0.21000000000000002,0.16128219730852567,0.11571093749999999,0.10456860052637602,0.096,0.046,NaN,0.046,0.1042225570383125,0.023794986072423398,0.04,0.108,NaN,0.052000000000000005,0.12400000000000001,0.10171887966804981,0.05689764868603043,0.092,0.166203288490284,0.05049631449631449,0.048,0.10579036827195468,0.1028298969072165,0.07,0.12000000000000001,0.21600000000000003,0.0382163704191354,0.045588902900378335,0.46599999999999997,0.07685360409407667,NaN,NaN,0.11024294670846395,0.14400000000000002,0.20400000000000001,0.03863238847583641,0.041999999999999996,0.042111936036550536,0.057611248149975335,0.0636941737058696,0.05162439961575409,0.23862274914177062,0.238,0.0,0.29310320723684213,0.146,0.08064383561643834,0.16399999999999998,0.066,NaN,0.10600000000000001,0.10200000000000001,0.05041925968217718,0.1125992217898833,0.05547154471544715,NaN,NaN,0.038,0.05600000000000001,0.11000000000000001,0.0040,0.10916077170418008,0.13695874822190615,0.0,0.08781235697940505,0.046,0.11264192949907233,0.110651655758523,0.0040,0.048,NaN,0.24034294621979738,0.04993766508188061,0.1797771739130435,0.15577994269340972,0.16599999999999998,0.13196701030927838,NaN,0.076,0.0505980754996299,0.0,0.30200000000000005,0.0,NaN,0.08742598187311179,0.048,0.064,0.05,NaN,0.05,0.082,0.06,0.04874870641169853,0.16,0.07723650537634408,0.07041167434715823,0.10806340057636889,0.033991427629409814,0.054000000000000006,NaN,NaN,0.05953007518796993,0.09299998400742056,0.11883478260869565,0.21066796684544123,0.19845859872611465,0.16800000000000004,0.25,0.088,0.0020,0.0020,0.1244014732965009,NaN,0.1091907040328093,0.0851787175989086,0.13559037238873753,0.14,0.02811051419800461,0.112,0.068,0.15000000000000002,NaN,0.18200000000000002,0.186,0.124,0.16259137794857892,NaN,0.18561061846293772,0.116,0.10400000000000001,0.14408372135239395,0.056,0.15600000000000003,0.11804623791509039,NaN,NaN,0.094,0.2873358984224702,0.06496017080745344,0.1620302613480055,0.194,0.04508591954952914,0.068,0.12870046082949307,0.17800000000000002,0.23670397111913358,0.058,0.082,0.10200000000000001,0.11521497015871913,0.0040,0.12212038014783527,0.192,0.164,NaN,0.046,0.192,0.182,0.21400000000000002,0.062,0.17000000000000004,0.14800000000000002,0.31876960307032054,0.1293413448247825,0.07,0.14670344827586207,0.09347814081914405,0.068,0.1699542472022738,0.0020,NaN,0.09251358695652172,0.122,0.07014711760786926,0.05340899911976389,0.07627534039334342,0.039624042145593875,0.1502809047271901,0.052000000000000005,NaN,NaN,0.14692007551919445,0.08594756554307116
P5,0.0,4.57671669456768,8.247795093901589,5.741965858530004,6.166171948905829,7.432816219545943,9.277893501144685,0.0,4.915831279962207,0.0,4.023276290292659,5.729501447544085,2.5056376055236145,0.0,0.9648085732401878,5.5698413143459895,0.0,4.875974765640657,5.658707901749601,3.8942364264063207,1.0239061580782032,7.239158989733428,0.0,7.36147957967976,3.3417170225727375,13.437936896713635,6.960647115805526,13.96522792587328,2.5181041854575823,3.4982474018735914,10.342635416741416,0.0,3.288380948329904,0.0,0.0,0.0,0.0,5.741617452276885,9.368317934383636,3.8550552867732915,3.446451202532219,4.729639006474009,13.215672759661219,0.0,1.0053320929547307,7.233471536329433,1.8558360652655352,1.9369495281468612,6.889186199041539,8.798070327898754,1.1620699733331363,1.9059391191604476,4.198553111272528,5.109556983412626,2.9144073674860973,8.039864094654943,1.0645345192089588,9.730573993506562,7.623337615877423,0.0,0.0,6.966978359758365,2.2335658977583153,6.849266695517815,10.352455752272563,5.50357731780182,2.6737526286108393,4.262622408255215,8.890571870448639,8.135062271273048,8.588418650089809,4.912122296134094,11.812474209009924,8.770773204615034,7.946473211688335,9.370851320336238,6.902708842003101,2.915659040187395,6.657315582375099,9.529389825647316,2.3449938200795906,7.314662644834418,5.976103645945371,8.2768261541736,3.144813033704478,8.777276565045302,3.086779783108305,0.0,0.0,0.0,2.9508370808569686,0.0,4.519064448004574,4.983976847970859,8.973966010006512,6.480106772664932,0.0,0.0,5.099963357011981,3.80437191224616,11.363720281022578,0.0,4.151647208184677,4.820165763741802,6.83736376204261,2.383296642513473,2.371898433953416,4.25251594813313,0.0,7.298797991506674,0.0,8.408552660722387,10.611920902085581,3.3459590028502495,0.6374263773274601,7.510700570213093,10.074690393655134,0.0,1.8070010459430144,11.727687981453567,4.575844212893679,1.2940294224583042,0.6875539726645495,5.669267241704997,2.480453745616168,0.0,0.0,0.6427389323523959,0.0,12.00037455377955,7.765791680728801,0.011998918059011385,0.0,3.7143190949460743,9.249956278819477,3.2132578406561216,8.090010885216348,0.0,0.0,5.667326239075433,1.8497862827549123,4.090878339652997,6.306892071228207,4.547903329207156,0.0,4.643825353417651,0.0,7.478065665647035,9.0727717215957,10.245100926305541,3.2923559578884136,5.171355840810264,4.387040738529912,2.274981258542517,0.7693573383814456,0.6072578561317759,4.79465436121012,6.24076246070947,0.3490316818524424,2.377519537145756,6.65147297674469,11.3984619446134,9.831888590306244,5.140120008550127,6.895862990162369,9.521797765084935,2.2917646931094864,0.0,0.0,6.227307965002675,4.790081315259394,3.9359122854378725,8.821517384017518,1.8270998392506206,4.893543741252447,7.024716089221008,6.216862872064748,8.849926320933678,8.694067903014174,12.555254753854438,0.734344807529681,5.630640301318271,7.380953512459896,6.156853838924617,0.0,3.1012811863250476,3.2818065806030092,10.74937732704976,10.512465827555095,0.9650646656062055,0.0,4.7120220915961415,7.7849565617461405,2.295315668638519,8.490177721062635,8.91472397788768,0.0,8.431121905408565,5.708941608338464,1.6752454378786166,5.488590761528211,10.885557344703969,0.5077470519305172,12.827014444038015,11.447456492677942,11.657913139841991,3.583666324039581,2.4292280244088045,5.958172706574038,5.039003997438195,8.227302110208546,11.11907605882714,3.162127754733052,0.0,12.145671117871947,6.266233726063174,5.750839946521932,4.06889490042816,4.012718708518172,1.3521774387356955,10.907174850706586,2.265162245143108,2.2256933742727796,7.384088095375956,11.202032582923465,6.233031129577355,7.363580200576497,13.137906750964602,9.348305025212758,12.420322871420659,16.414967031974708,14.696714484689402,2.925755442485506,5.5395067372694395,0.0,0.0,0.0,6.3364038366841795,6.274417631772297,4.586464076515888,3.637915594581967,4.6861823016011295,10.036724637597228,6.5987066793257725,2.130347044996524,2.841896537737217,1.9928595697427613,0.0,14.383179273555045,3.0994966899701444
P6,11.263799801515173,11.240659863549327,6.10735660327536,10.388909001693268,NaN,9.57523864694248,7.717586354624907,7.7940000000000005,6.069030424062217,7.884743890385696,9.659464468209467,10.488,8.667641089964702,9.445947036521245,13.805965057727615,10.439169125035665,5.191999999999999,13.168207119030729,7.8546600517627505,11.194194779949878,6.00434893744047,6.030435997562867,7.748,4.376105696937269,6.079395702412907,7.780883276754355,9.542,7.836786820956991,6.950091017700166,NaN,8.696354994759066,8.712,6.969046267689853,NaN,6.100591141869653,3.476715452501913,6.069999999999999,6.922316378171139,4.400295867406374,3.4659999999999997,1.7715521803851586,7.805740550709765,8.674,6.834,10.438213622439209,8.679072737332922,10.39986019192797,7.778288667900306,7.693325854451447,3.455162378851458,8.700093414210697,9.553927867703079,9.452,9.614,8.606639531366756,4.3676826196615925,11.396993096661912,6.8873740352983726,9.546,9.596871495552913,9.602507875276391,6.883181783554985,6.920630262082939,7.802402061655004,11.41625189329932,8.664,4.324,6.081999999999998,7.794148651327316,6.9810481087810015,11.244833715895263,6.089921270005162,7.768451688193524,12.17845309924065,9.504000000000001,5.268,5.19539663603881,7.835417324848163,8.704371073810071,8.71132702821244,NaN,4.322348780909831,8.696477889851998,NaN,8.658085203917603,6.966945840509422,6.062688172926806,11.287145813175275,6.959457620075012,3.48402022477295,7.802701049154708,6.863395170202359,11.348719848985844,NaN,6.151686723474768,7.767441579200894,6.947085049631765,11.381999999999998,7.854541821157882,12.202851921080587,5.2649699881282155,6.101118466683602,6.9178977304085,6.853245858292859,11.28,8.81148276108954,5.1345609348726295,12.167198982127111,9.514904646983311,9.424465082097258,4.301886632700521,4.404338473498517,6.914290857629252,4.357986132065764,6.065999999999999,7.014,9.585881706634217,8.666122573277502,6.951052331420087,13.90467097830846,NaN,6.025437039423697,6.913484220213492,10.411999999999999,11.295306213168939,7.784706730321949,6.906086143635677,6.107100320557491,6.92630733240116,6.083272667776898,9.469380788828524,8.684368323428657,6.057810274056732,10.405785154757512,NaN,7.916530864138604,5.2166830195988645,7.836301410704623,7.795999999999999,4.362564794526867,3.520618267573474,6.020956288975963,9.595999999999998,6.881484568540535,6.117571027795309,4.248384868300073,5.16931998181804,9.517010209102985,10.412500274432913,8.659700057887854,14.72759202879123,7.784,12.894963125366955,8.59951167188263,7.811335504585331,8.690670361298553,10.40318367783267,7.879008719519676,6.077999999999999,7.823999999999999,6.081296620210818,8.698412306759963,9.574,7.818210825707366,4.317261842847076,5.192432557521022,11.347490117562451,6.172095400444563,5.194,6.0508069664492075,7.785765329644996,11.321350465062732,4.447312979467739,6.942,6.128,6.9369810638581,5.27345776989581,NaN,6.120008091186961,10.393097643377345,6.9092698641239885,9.495976590763869,6.868878818222817,13.131999999999998,6.129237954997547,3.500449508609378,10.296,6.918988877558074,11.25151633017587,12.156637930310103,10.46166344559255,13.806458895119913,6.939174902630809,1.7414776088882828,7.897342520562602,12.089780523006615,5.239888524843458,12.220946404635928,6.0970352539907315,5.1507293951185,10.37040442463608,12.119603637468332,14.70868927864724,6.9890074816937275,6.934570375970203,6.920300005751092,10.345012507705643,7.846569357696655,7.822494370727358,8.627676453604584,5.237519879876668,12.092978160231322,8.661350048590013,8.80990803819536,9.598555195813626,7.7542924113646325,6.063006511552553,7.858727784102323,9.582,5.189120189075484,9.564,9.507948694766599,5.286892208810076,9.622648917226044,11.312,7.930787213962747,NaN,11.302,5.1987121473978535,8.657085973999775,6.933743143909984,7.004870240146042,5.139863447677932,9.511999999999999,6.112274853212611,7.864817738297609,12.101999999999997,6.900995631182513,5.252,8.668421044217546,10.474783908004381,6.996985948069761,7.734157111693174,8.690230337619193,12.163203987309561,10.458688291879646,9.58129666160613,5.123083972557657,12.160580978776906,8.810487733443027
P7,0.0,9.372039525691699,8.662003661156337,1.5221904761904708,0.0,0.0,8.685644382482932,9.051055432161915,NaN,0.0,11.904,2.0981356794550066,NaN,11.284,7.651999999999999,7.734,0.0,0.5050377794911416,0.7130000771296191,7.839655763239881,4.513092382495944,2.636233128834357,7.1259999999999994,1.4908831070285469,0.0,NaN,4.924382126348222,NaN,0.0,4.055766764505073,0.0,0.0,NaN,4.384639625585027,2.6673697582490568,0.0,3.1214260095667443,6.489999999999999,7.276379925342182,11.634,7.645999999999999,NaN,NaN,11.596,9.206,NaN,0.0,5.209999999999999,NaN,0.0,0.0,4.16121056603774,0.0,0.0,0.0,0.0,NaN,0.0,5.332699455230152,4.016784920409722,5.370106487467295,4.724217806997427,NaN,NaN,7.523999999999999,0.0,NaN,0.0,0.0,0.0,2.7792093753102494,0.0,0.12519101123594875,0.0,4.544626699282198,3.446787878787873,6.152408981555734,5.450000000000001,2.377269131878888,NaN,NaN,4.896739903069467,1.6942200647249208,5.982987301149858,1.815041015305465,0.0,0.0,NaN,0.0,1.0935140186915853,3.052066024921656,0.0,0.0,7.040000000000001,2.518147058823533,0.0,6.148000000000001,0.0,0.0,NaN,0.0,0.0,0.0,5.004154320987658,0.0,7.93864417733727,3.758362869198273,0.16962461538462692,6.15117563739377,0.0,0.0,0.0,0.0,6.65380520338729,0.0,9.415175067739995,9.636000000000001,0.0,6.209999999999999,11.262,2.676527903469082,7.837999999999998,0.0,3.72408421052631,3.5273233257902534,NaN,4.068474137931016,0.0,6.5360000000000005,5.446000000000001,4.139528141206062,0.0,NaN,7.770824166531638,9.641301342383947,10.208000000000002,0.0,3.737191352789559,11.15168178203724,0.0,NaN,NaN,NaN,6.864,0.0,6.4550188637244466,7.673887706151612,3.61983347073372,5.91702843216897,0.0,0.0,0.0,5.406000000000001,0.0,5.756097938144331,11.758000000000001,8.594000000000001,5.187737246128982,0.0,3.511851555192044,0.0,5.548037669200943,9.842450755120561,0.0,NaN,NaN,7.833999999999999,NaN,7.806946102084594,1.4252628495270756,NaN,NaN,7.454,0.0,6.294180435088857,0.0,0.0,0.0,0.0,2.9190822368421006,5.439655172413801,2.9309036300309526,0.0,0.0,11.448,4.99,0.0,NaN,2.1175940294679503,9.985999999999999,NaN,0.0,0.0,0.0,5.572,0.0,0.0,0.8354281401439051,1.9691128404669236,0.0,3.924396667884542,9.958,NaN,0.0,6.882249727569922,0.0,8.176449059725151,16.79618556701031,4.417172413793119,2.0595803981623297,0.0,0.0,8.878,0.0,0.044109849601472455,10.914166090706336,3.918265007062873,NaN,5.137961661341856,0.0,0.0,6.906,3.1768811188811195,5.1742431192660545,9.282000000000002,0.0,0.0,6.43922475570033,0.0,0.0,0.0,0.3854587179881501,8.398,NaN,NaN,7.056,NaN,5.4415378937873395,9.516,NaN,NaN,0.0,4.081431192660555,3.536034463590883,6.484000000000001,1.6226081694402408,6.935999999999999,10.790000000000001,NaN,0.794527200555467
P8,2.5691908586108494,12.862207334379313,1.9934502410208117,9.861369892900624,2.383035807695311,3.9884295483431083,11.452090535756431,0.0,5.469313677791799,12.316789625725995,2.602357106031183,7.566262442505445,9.8057866539341,8.438555224010479,10.590870907556615,6.272862613170589,1.5997033065555841,3.008961710326182,5.257846947549444,0.0,7.290461431285112,5.016110344827585,1.2336352624314952,7.1852129882451905,13.230231365557753,2.3711249000592707,3.686703630283095,0.03343447131533237,2.4878050472611952,0.0,5.2636502344436185,8.425170391608669,9.64996307165719,5.172682137160921,9.55502939038695,0.0,1.9752933327240316,4.00179138210656,5.997479782249696,9.561393309739358,0.0,3.8598933647822977,5.557113860537709,3.5469310553243556,3.424314157124932,5.607479700211818,4.836953752358869,1.8616446231322714,8.743318024549955,8.625657333023632,0.0,3.7400216519012535,5.3725899948451215,6.633625000978404,0.17641976964219855,2.348317788260341,2.1074959309994026,8.95379734474178,2.6317719732257103,5.8296269137282595,0.0,9.083985067573284,10.161820577041139,5.49615892510601,3.2555881765420396,5.052743485678568,4.782297181865382,0.0,5.0333106227214435,10.783171424518711,12.259431520268153,3.074578648737306,5.527300091771186,3.9198402854386942,0.0,15.126645179456437,3.6980251839960228,1.434110524762133,0.0,5.629315875995846,5.192490414577926,4.39207706728594,0.0,1.786,8.404951587027158,5.01144335147266,11.5954564868895,0.0,7.531611714071859,4.698983596869952,2.4341716762637615,6.524905440376578,0.0,5.308202597138804,6.607861339320467,5.572718101112661,8.373513945474883,5.602327254593109,8.519851242385952,3.007829715592121,8.591983461368427,10.360278378741944,3.1611373712277397,3.8568422343776754,8.784960156760286,2.75,13.192918022075776,7.85004312364108,0.6103648662712039,2.4047581926954256,4.792563016188441,5.751494132473101,2.1594245171064257,1.140974650219784,0.21673975371504456,11.47386353631695,0.0,1.6191320961185398,1.0926303030303028,6.252997502081601,0.0,6.275443476302661,8.16322393979457,5.697022001597332,6.1468454819755465,5.85217549784951,9.18480863309352,6.584938578168593,0.6640256474122322,2.911462411118139,6.0886748521067995,6.291604480979301,4.405647748256882,7.240928915334968,8.7519700250326,2.605097665831852,8.921667983318407,0.9932667945760858,6.900640080361629,6.840048240754891,1.7369821749630459,0.0,2.62505935170105,7.44370536116782,6.897841958067208,5.888182978738964,3.3558887776854993,6.767773762765125,1.9820951522644847,4.042415161097902,5.027947661614195,3.71371963426384,4.679445639215294,5.220038010054554,7.915721440097937,2.142518883901003,4.7949496551619095,0.0,4.139239931599277,4.436104442009855,7.8298398751115075,5.4716582804976746,7.790595157412492,4.637655172413794,6.976551768904793,4.172107093437422,7.140625173247381,7.104469446156502,9.724764858353177,6.096262564026989,8.45974407913201,7.620045413256234,12.646052174395944,5.120204094540476,2.0386274297860054,3.5005630952514335,9.090492283488802,4.1589966221673675,9.005662093460549,0.0,8.172651061775586,2.2147779229509186,8.535684097078391,6.641147240254709,3.664657951963446,2.702,0.526266800296722,7.854872028056278,7.180301463850882,0.0,8.736380065817867,2.7774161628130365,6.414943351068255,9.878,2.382448859012671,9.058247453745107,1.5344870976108143,4.458184408100319,3.935466611565978,0.0,6.854218032716572,4.0276468231559335,8.271300271118859,2.634437587657787,6.5200577465864304,3.2132564102564123,4.570175376722963,6.218559791983804,5.381367122618466,2.77960765152885,7.149734279990458,2.9192013417190714,2.2383919003605737,4.811279568566003,11.058129228766623,8.437759549267783,7.006132579920317,1.7526332584434259,13.335706982468176,0.0,4.925240503128851,4.406392960629349,4.101946175951186,5.933356469549405,5.003403159027349,2.974745925737858,11.021520535652654,0.0,10.552850327042279,0.358726564359827,7.049576963499606,3.4663596234140917,6.238852955707599,7.1934448929229475,5.959618617792812,4.097867760079381,8.384136593858257,4.850952998152643,2.2366122879622736,2.536154994636552,5.973812969689567,3.2437433432039646,6.875265228941893,6.507020295547094,5.433339725578121,5.064919533666742,8.145488462477473,3.628393922000378,3.587716395930874,2.0653465448462205
P9,1.9950672579453066,3.574312725032227,2.9297891720721445,1.7361467258261936,1.6524441547951245,4.0746713702288755,1.0253503873749186,NaN,1.256446043959075,NaN,0.885724414715719,2.65107663700558,2.7677206217616583,4.51090128455752,1.9713661638098376,1.2351338858509913,6.903385208296621,1.797476382455356,2.5785314030007895,5.257938299835156,0.8863172006410913,4.038001174278201,2.7102528815442297,NaN,2.7282845551249277,6.2510486256345805,2.596901361105716,1.061564743132936,2.608416833166833,1.3787982146100013,0.9917720593069893,1.9652051552729708,1.7733646099954037,NaN,4.817596923636771,6.9845929149143595,2.2178733229664984,2.673601183226031,1.016850958269511,1.1432815585487341,3.082235047968973,2.8440704705468605,2.872187600014225,2.5415543333208617,0.8832395259580459,0.9798999370233018,1.6858147205312666,1.2088754937701194,2.625749747784059,4.559992346642142,2.274424086128644,1.0185436225032205,2.727487016848093,4.790620939120939,2.4261685330347142,5.6223164692133185,2.6572357201648447,3.690229287053466,3.6159900431235643,0.7999102435312027,NaN,1.4525164710848484,2.338775625422997,2.0207639220441305,3.169938395064877,2.2818783350627854,1.7960242632358003,1.8522693895227715,3.288827101513642,NaN,1.7124400871459693,4.51454356879343,NaN,2.6327420768755756,4.370861375634016,5.83082038766585,4.3398843141604875,2.5749758049845384,0.9244031024224405,2.529812100235359,1.313629241781548,1.7311988792839659,1.041103448275862,2.7119428973250583,4.082507010874115,3.8331285051802353,3.6457643097184507,2.9754139041568526,NaN,2.1897474297307844,NaN,1.371472214639079,0.47244945579357794,0.8903662951612391,5.176641246658617,2.824321821750153,1.8177190084730115,3.269168336478808,2.585453007077248,NaN,3.4879049160162148,0.7868738697344589,2.692037109219759,2.5232959285340915,7.1235195901285255,4.1865429612619405,1.4403234532374107,NaN,4.042150802486565,3.4480237517719328,1.8876676803623424,1.113891028174581,4.328025865485263,0.06949587301587307,6.347696960222726,2.46067154854229,4.328879737925319,5.38356156140164,3.5787334925670073,2.4728037763441293,3.293215659771476,2.452978001476872,4.304797018677173,0.9777355452117371,1.3425422033159329,2.7700892746243504,0.32670294451654847,3.235059208958503,1.763370558375635,2.12044463539804,2.56360539414872,3.3770736266214927,2.800990537983238,1.4780523563870287,1.3793824841123605,1.9341330706961115,3.9224530444772694,1.184374799961702,3.175249085872575,2.6030912282910212,2.868283106131817,3.166827248672487,7.128682082079605,3.6156782734749857,1.88283850078493,1.0669249824491023,1.5840496316869945,3.4639520232636,1.8556047994036586,2.5848489197490183,3.5294992716833304,2.6832933058260755,2.6228800639050553,4.850309559293165,2.479579886989485,1.0537458493050478,2.942279663191284,0.8445159747312098,2.7118778381685136,2.686088915947865,3.3262117328331735,3.477657483816493,0.8097401721897335,4.381488396652245,2.6157646675427726,4.3415879055212665,5.467676319241248,1.9155195177697075,2.360028876656092,4.624164771304653,2.8137563007093824,4.3150503071633555,1.7703621310295177,4.250338282963389,1.6998903600029436,2.8315953825662263,NaN,1.881969096038062,1.506788468761103,5.521199969241219,3.546888176955268,0.0,2.7611177286235526,2.679614727183488,0.7616532446831105,3.2878267031408566,NaN,1.7408884227879806,4.687279440811103,2.2912925050287796,3.490655014471576,0.2180344860936487,3.505433027359415,1.1186448348945601,2.932583009626752,2.859350321168914,2.439802564537782,NaN,2.781799785675231,0.7706705653828027,3.7083786762269613,2.930347714131082,2.808895236383291,1.7884278863875502,2.869436002735842,1.589931673768408,1.7217037177881174,4.423062671955246,0.9656632290184921,1.045209894498954,3.5863896177879053,3.613658047303942,0.9914468793310811,2.738860538151464,3.5948235600823737,4.510833387644263,4.558706423792836,1.0809462281615185,2.484435696705793,3.755438145535175,2.826439232505464,0.939877646097813,2.357205247391798,6.426111791043791,NaN,1.7670219837787269,2.1079218012315413,1.710452940646131,4.558718763329003,0.09462429906542068,0.0,0.9903323181904342,1.7192814292239762,0.8807351861296252,0.44611758070034296,0.08484699693117048,1.822077747436131,1.9072843289149017,2.0744675448873826,1.1034693700217235,1.889275465648855,4.4066675791079035,4.557260990334767,2.004674183308659,2.5483641847754352,5.359424289788748,0.0,3.4593417328128933,NaN,NaN
P10,7.6000000000000005,6.9479999999999995,6.986000000000001,7.851751412429374,12.136,2.340591059602667,8.435178743961352,10.98,15.103999999999996,6.434000000000001,3.0239466811751905,2.3240000000000003,6.072067720090298,0.0,7.3,9.26,0.0,0.0,0.0,3.145746075085345,0.057437348423606156,10.485520451339914,5.959546558704454,8.48171525423729,6.024900077061393,1.3755795706883838,0.0,9.356000000000002,4.158803305785128,6.464,0.8704258255298135,4.319924662965896,7.937887242080789,4.866,2.575030709677413,6.644318814277072,7.44191054313099,14.164,4.042561891515994,9.886000000000001,7.4619182498560725,0.0,9.621229538461536,3.6429815303430075,3.0784216634429398,4.005800751879695,7.386,5.39,10.362,13.754,8.39217974322397,2.1904808800419056,2.980273846153849,0.0,11.663271171941831,6.73184650112867,9.826,10.136,5.885999999999999,4.6579999999999995,8.01,0.7515099255583081,5.446710997442453,8.293768863419295,7.960000000000001,2.9315251141552485,8.892000000000001,3.417898538263112,8.687541210795034,5.98414904109589,6.102408982322026,1.5768659793814486,4.02,8.229999999999999,7.557439083232809,3.84,4.3255748594787935,1.4249402985074646,3.70237028393621,5.8759999999999994,0.0,11.508000000000001,9.25,1.6259555935098229,10.187180592991911,0.0,4.684163621922162,4.688694207027541,15.159999999999995,0.0,2.8008520642201815,0.0,10.85,1.0569232089232095,9.136,7.174,0.0,7.870707097634122,12.12031052486947,5.305863450159304,8.418,3.9301160508083144,5.539309192200555,3.4655944660613933,1.7747713824636866,1.0838847736625354,3.600480237994048,0.040456602499155225,0.0,12.297343465045595,0.4865411415863765,8.388383141762452,0.0,2.9482540398346555,2.2841227336122696,14.234000000000002,10.508,2.920437086092714,2.6796606546426176,4.808094043887148,11.040000000000001,9.620000000000001,8.924000000000001,7.315778730035059,11.983999999999998,3.6954481805619515,5.968000000000001,6.98805257767156,7.685999999999999,3.7760883022303116,10.498,7.178,7.998904088651127,7.377556589147292,12.889999999999997,7.230930794802055,6.594,0.09436722750548915,5.392748947197927,6.970859401856313,4.171686543865125,2.5638333333333376,0.0,6.808,2.839821380243566,5.876636075949365,2.9929136735979798,0.0,0.0,0.0,8.138081021087682,8.172,8.767999999999999,7.9959999999999996,14.905999999999995,8.572,0.0,6.322262952646238,12.41,0.7717263581488876,5.674436018957348,3.811218257261415,8.437999999999999,6.1579999999999995,13.912,8.379999999999999,6.188,4.897300603621731,8.164,8.199474595198215,0.0,7.121926829268295,4.592376053215078,8.545146632124354,0.0,4.728,0.0,4.187934318555009,3.274656537385044,1.0070146627565912,12.105999999999998,0.0,9.240232487922706,15.750000000000002,9.161999999999999,9.006,0.5057721518987344,10.948000000000002,8.202,6.039999999999999,7.065833780160857,1.9892780487804917,1.656541632983026,6.9304154476301925,4.659012987012984,1.310191467920728,0.0,6.02673136094675,0.0,8.6688676761027,12.27170963704631,1.3746070484581634,5.614485021398004,0.893287726358145,3.8925394560856046,12.170000000000002,5.998505109489058,5.75221862348178,5.360123032904145,4.298795311091073,12.698000000000002,0.0,1.6196206805592195,5.2307880794702,9.526,0.7327299270072969,11.068,5.694881397486976,7.732000000000001,11.692000000000002,8.970589088798608,3.8716699225328393,4.506618181818185,11.354,8.16217417824466,4.17358850226929,1.7013437500000017,11.373999999999999,2.458754084264832,5.455516079632466,0.0,1.0583438297872367,3.1505190445448545,9.446290827740492,8.872,0.0,3.978176444245416,11.718,8.692,1.3336204379562084,7.6417514498757235,6.404674305555557,6.592546341463412,5.268,11.972,9.008344981412638,7.38,13.562000000000001,12.335999999999999,5.127708609271523
P11,2.1106264923251845,0.0,0.0,1.6555887135341922,0.8726948884595119,3.332444284687275,0.324390243902437,2.472806759735487,0.6902951146560298,1.0981245330012441,0.0,0.0,3.7779999999999996,5.1911652050248875,1.7018851603281135,0.0,1.1991284733573062,1.8126047527997815,0.721412196914026,0.0,1.8943456455438836,2.575585106382977,3.048782263401721,0.6108959165942652,4.432530391340549,3.178959273912031,1.1079817427385883,0.0,1.3550302618157093,0.0,2.6115764011799403,2.708,3.262,3.436648337915521,0.0,3.5022660511959716,0.0,0.36856208572691135,0.0,1.1561743589743614,3.6627392086330928,1.0216690042075736,1.032,2.578736607142858,0.3133594132029334,1.6799003610108305,0.0,0.4835162950257278,2.524239248869828,0.0,3.1752755082284603,0.3562245827010692,1.1081198622273247,3.8996083969465647,2.32,0.0,0.7813231162196678,0.1396591075347478,0.7409723903735416,0.0,0.0,0.0,0.7636809338521392,1.2276144578313253,0.0,0.7887859078590783,2.958,0.5392220670391104,0.0,4.587999999999999,0.0,3.614,0.0,0.0,0.7963884393063582,1.776825464514164,1.1016010230179023,2.3280293809024135,2.866,1.1989680365296795,1.876,0.0,0.0,0.0,0.10763968535904576,0.09834204568841377,0.8500000000000001,0.3867135494596846,3.438,0.9148663220088628,2.3546543454345428,2.2216285028022407,4.918,1.8285752017608226,3.781494802494802,1.1233448589626918,3.507503290613097,4.63,3.3179999999999996,1.566,2.9659999999999997,2.8226392303580976,0.17960281469898243,0.6426697674418599,4.728000000000001,0.4959999999999999,0.2663322923172996,0.0,2.12,1.5333334460030426,0.16631131533601695,1.4860893703452986,1.080849894291754,0.333042402826855,0.0,3.2445919881305634,4.517585675430645,0.9611963608794541,0.0,1.1489419555901834,2.0978801226651806,0.1459134615384615,1.9728418756815702,0.9497605366409325,1.7171333032083156,0.15013636363636298,0.9300342298288491,1.3434914956011708,0.0,3.9468608321377343,2.4442781456953635,1.767330478229834,0.0,3.178,0.0,1.6634332700822265,2.1436485974875232,2.215183512733,2.722,0.3457626280466262,4.601999999999999,0.0,0.0,1.1976082474226808,1.544,3.693937839171188,0.926,0.46060343539955273,0.5493639406982321,2.634247224278312,1.8993194029850742,0.0,0.0,0.3661785714285702,0.6622005469462229,1.0299911373707535,0.0,0.0,0.0,0.42181258023106444,0.7524220520673822,3.1039523809523843,0.0,1.0605175380542695,2.8259999999999996,0.0,0.0,5.186619138391154,2.4845664906385094,0.0,0.9443144832476522,0.0,0.0,2.659445530726257,0.0,0.8320000000000001,0.0,2.7880000000000003,0.0,2.6192054794520545,0.0,3.78679304347826,3.146,0.09983966045743786,3.270381077529566,1.3841866125760653,1.8719156606581777,1.8635209803193467,0.24376470588235233,3.463794871794872,1.2574239793090707,0.0,4.918,0.0,1.2581942257217849,2.351339098208772,1.6440000000000001,0.0,3.0220000000000002,3.3299999999999996,3.84735518913676,0.0,1.9707380497131934,1.0639129345443161,5.794137200223091,0.0,1.09,3.542,0.0,1.486,2.648550928891735,5.998442546155966,2.421923586154719,1.7400496657115567,0.09685448455526678,0.9209810905085364,1.436283145332679,0.0,0.03974946004319656,1.5537609511889854,0.5446727217680897,3.2574900952668986,0.390697650130548,2.2099847757736226,0.0,3.345874333135744,3.7259999999999995,0.0,1.9476818181818185,0.1565418196654433,1.035437543614794,3.326881494753007,0.16673597650514074,1.4304534031413614,0.8824984395898313,4.229772985689079,0.8861780264496436,2.0650120863879535,2.539935453695042,1.399249198915454,0.0,2.923589248215036,4.705284831361469,1.7938645968089681,3.476418930762489,1.6369377664109124,1.2314207920792077,1.8841180904522616,0.0,0.29839370078740163
P12,0.0,2.198355592654423,0.0,1.706166666666662,0.003473774720553409,4.118444755244755,3.9403751724137925,2.0579159663865543,1.1630837004405485,2.977549180327868,6.914142101347701,3.809108603667128,4.887962809917355,0.0,2.212874824191277,4.678785654712257,6.2903467230443955,0.7410800426894312,0.0,NaN,6.998150000000001,0.0,0.6035846313603301,5.791003525264393,3.0496452469463615,2.5134058577405853,3.3887922497308933,0.3325477178423235,0.0,0.0,7.284000000000002,0.5235041322314034,0.0,0.0,1.9455423728813521,7.293725761772854,4.226,NaN,NaN,2.173178360101436,2.2499371727748683,6.678489119170983,3.7154015904572564,5.436468619246859,2.361594080338269,6.944928348909658,4.084931596091202,3.2826301287810753,0.0,7.82106779661017,6.621999999999999,1.0385157480314815,0.0,3.880701272264631,NaN,4.6342642559109875,0.0,5.3260000000000005,2.539370629370628,2.440314285714285,4.397999999999999,0.0,3.0646331236897275,5.412000000000001,7.0320742268041245,0.0,4.971098438560761,1.5497790055248584,5.365375770020533,3.5707633333333333,7.70119341563786,NaN,7.773971223021583,3.709859504132231,0.0,5.766702479338843,5.46964959568733,8.074695652173911,0.0,4.772099378881995,7.8619043659043655,2.2982057613168725,2.8442687122268717,6.8574658511722735,3.832,0.0,0.0,2.9065138082337962,3.398035763411278,2.5298747940691935,0.0,0.0,0.0,0.0,7.008,1.9822999032570099,2.383012448132781,6.8138310249307485,1.5428299492385755,0.0,0.9539786780383803,1.6960645161290322,4.351703703703704,3.4146126954921816,5.445999999999999,3.219231404958678,4.938,NaN,3.324,4.687136671177267,NaN,1.2771076923076834,1.9710110497237565,1.3188636363636328,4.561714285714283,1.774799522673037,0.8993204419889493,4.426,0.0,3.081560083046246,3.1125780346820804,0.0,0.0,1.57878078078078,1.2186942148760316,0.5079707680835238,0.0,1.1975530410183846,0.0,3.3054037985136255,0.8894613778705613,4.08,6.836987654320987,0.867040082219939,4.001482401656315,0.0,0.0,6.464,0.0,1.3844428772919743,6.813229166666666,0.0,3.7890248910628044,3.7920000000000003,0.0,2.442291925465838,0.0,0.0,NaN,4.379906408952188,3.5562845445240567,6.664,2.9215390021082213,4.9319999999999995,4.133153526970954,0.22260042735042754,3.1450724985020977,0.0,0.5568019966722116,3.9073241569167227,8.626000000000001,2.6651263736263706,1.7392100791012315,0.0,5.459611990008327,0.0,3.6335799522673016,NaN,0.0,1.146852734922863,6.632,1.377808510638313,4.20125,4.964429654591406,3.650514827995254,3.108052029136316,6.583999999999999,2.3131670951156846,1.0874646324549222,0.13141903171953076,4.974817679558011,NaN,6.959230125523015,7.2223880288957645,4.736,4.660166666666667,1.8210616929698702,4.165554438860971,2.1795867768594914,7.112237656903766,4.013681895093063,4.638,3.368449787835926,2.2874970364098237,7.138000000000001,0.0,NaN,NaN,0.0,5.653761242845461,5.515999999999999,5.382909090909091,8.458303534303532,1.8464274570982844,6.162648760330579,4.004,3.6238477472812014,0.0,4.286985374771481,6.008448132780082,0.0,4.3110602910603,3.430231884057971,2.2124044943820227,0.825778401122019,4.736576527110501,3.440677966101694,5.196,2.3000000000000003,5.862000000000002,0.0,2.885403158769739,0.0,6.602641509433962,3.681914634146341,NaN,0.0,2.9407724425887265,2.5908974008207926,6.708272479564032,0.4085167958656387,3.119514536225196,0.13733333333332018,3.4308819875776395,1.0962564841498545,0.0,6.59285393258427,6.253999999999999,5.18718144159072,0.0,0.0,3.466607173054264,0.0,NaN,1.866,2.0844201680672247,3.9441934112646124,0.0,4.542,0.7207258064516094
P13,2.163287218045112,2.27667652495379,3.4528009170806255,3.6085947955390325,3.0839270633397313,0.8026423509075167,1.904,0.22506948640483368,2.255587703435805,0.0,0.0,0.0,1.2627849056603777,0.43493098384728246,3.8119999999999994,3.3395643990319996,0.43,5.526,0.0,2.5839999999999996,0.0,0.5686593212869089,0.0,0.0,1.0162860242270833,0.0,3.2588301298701294,1.1134874371859298,0.15241025641025782,4.869225988700565,0.010382294822817282,0.31146720894763674,2.678054862842894,3.9164068567430466,3.8239999999999994,0.12840400843881844,0.34719625073227656,0.3087682737169537,0.35276296580868277,2.9378415268941565,5.495999999999999,1.806757319138642,3.3299999999999996,1.3006448188322182,1.9569110105580696,1.293364675984752,0.2365829559489485,4.326,2.9859999999999993,0.6495178496430037,1.248,2.6035170494084903,1.4160000000000001,3.0379999999999994,2.57,2.22,0.0,1.19,2.3819999999999997,4.37,2.026,2.542,3.661865855345043,4.116,1.7859999999999998,1.8856947341643353,0.0,2.2699424947145883,0.0,0.3009504587155962,0.0,2.735805210918115,0.0,3.4419999999999997,4.601999999999999,4.369999999999999,1.0522400000000005,0.0,0.8930122060136947,3.366,3.5659999999999994,1.0240324155438383,0.0,0.5633640228705471,0.0,2.352,2.4415283144570292,2.988620974401323,1.776,1.2631550622267103,0.0,0.46911054958938675,0.49239870590047735,1.3780000000000001,0.0,2.81,4.174,0.7431074589127681,0.106833140476741,0.0,1.6143421313752737,0.0,1.822,0.002532067428793257,1.7266472068444911,0.0,1.851478751410306,1.3011245791245796,0.5820000000000001,0.7479271948608138,1.5799831128623698,3.008,0.40683831565413076,4.7719999999999985,5.142,0.5659332406119598,0.0,0.0,1.0338336713995941,2.304658097686374,4.036,5.117239883457429,5.047276540938362,0.37139797979797967,0.7007953020134229,2.871999999999999,0.0982297650130554,0.0,1.798668535388928,0.5547169811320756,0.28996936274509766,1.6500000000000001,2.186,0.0,3.9160000000000004,3.9167097661623136,0.0,3.35034067207416,4.38,3.5679999999999996,0.0,0.5740000000000001,1.3937883698760731,3.1000000000000005,3.0264084404559792,0.0,0.6856684179801514,0.0,9.297999999999996,0.26354119138149634,0.0,1.4040000000000001,1.992,1.104,2.838,0.0,0.5871502347417837,2.4119999999999995,1.97802719854941,0.27470178625492114,0.0,1.76811738843702,0.0,0.0,5.036,2.2031595977262755,2.656863130743189,5.7,4.967999999999999,0.014,0.0,2.6524779661016935,0.27350721847930815,1.5599793814433018,2.2300025873221205,3.0526232253367307,1.746,2.1683274567987434,0.8824176771759635,2.394648806057076,0.0,2.3159504643962845,0.0,0.5416890050401347,0.0,2.9939999999999993,1.022,1.974,4.126,5.055999999999999,2.3638806818181872,2.303674488267598,0.8746231155778895,1.266335937499997,2.492,0.9306577266922089,0.0,1.9465791481246018,2.57,2.3979999999999997,0.0,0.0,0.0,1.7587642365887197,0.0,2.7871845368344275,1.6651318079278115,0.0,2.268645768025077,1.760859549378816,0.0962824896265568,0.0,0.0,0.0,0.812,0.0,2.55,0.0,1.62,1.7619999999999998,0.5026885869565196,2.450855527393253,1.1293182199832066,0.8360000000000001,0.0,1.9139999999999997,0.0,0.005783926754830545,1.747588292682927,0.8360000000000001,0.9238730158730153,3.2259999999999995,1.640511777301929,4.364,3.15,2.0344757118927976,0.0,2.158,0.0,1.7283680297397754,0.0,0.5640000000000001,0.5519321308468353,0.908,3.8659999999999997,2.129135338345867,1.366,0.0,1.3762472176178078,1.226
P14,2.5379044155311945,1.1049289099526074,3.3073345848144755,2.844502816180234,3.7838439596369575,5.414169976171567,2.7279999999999993,0.638315848214285,2.0930637620322714,0.0,0.0,2.013314845566257,0.0,0.11298031337886703,5.047542570620064,0.0,0.4905726141078819,8.428771262836094,0.0,5.535999999999999,2.597838557320737,0.0,5.110968276650471,0.0,1.2812859216255448,1.4646660567246117,4.36825638911789,4.188359406864607,0.3257736642827089,6.323837209302319,6.20150475543478,1.6833516936019473,1.9219189230533866,3.7674932249322493,4.690587762669963,0.26221007720438605,3.058,6.033618684461389,0.0,2.5912307936760137,0.0,3.032,3.4107884596383746,1.4515936626281454,0.0,0.0,3.4817024630541886,3.655451839935653,0.0,5.36882318430103,0.0,2.788941940783332,7.350583519079144,4.177313763403058,0.0,0.07,0.0,3.122310407551247,0.6600025190427631,0.0,1.4493931758530185,0.0,0.0,2.102925704632897,5.589656127825938,2.084,4.004049293222181,0.4453212637557663,4.386448577680525,0.0,4.643406220435193,5.22345995349956,0.0,6.773026392221239,6.010096725134336,0.0,0.0,0.11276942675159242,0.0,3.772413793103448,2.777865929158626,4.227336515245105,4.035757753836108,0.0,2.653302059496567,4.455435336194562,0.0,1.034,4.117678077942586,0.0,4.934489752195956,0.4206788990825714,0.0,0.0,0.0,0.0,0.0,2.780020409928218,1.80734290107637,5.529170485208262,1.052046741573041,0.10076248329487056,6.583752119790727,2.140269608268913,2.163051762464274,4.998593030124039,1.85513488372093,3.586552341637838,5.007296984876208,2.6056044986887237,2.6851353541903062,3.6788886745775495,1.6382862931504705,4.945700138824617,0.0,1.6755786206118068,0.0,3.8288385861048218,1.843109961190164,4.542624354047965,0.07415563270680875,0.7881326315789482,1.3658384599288556,1.740186019546136,2.4874656210103985,6.805156616052062,0.0,4.885319285987225,3.0372805872756925,3.658,2.306673726676752,2.418517999583826,1.3099868886043509,4.382943737116527,0.33977400468384283,0.0,4.784643596899223,5.394495217584087,4.963665086551265,3.3212131147540975,2.7259681093394046,3.998389781206525,3.2625622932745313,8.219293128654972,2.1611559251559287,2.526275013870908,0.0,3.1368000709282717,1.9786067500948075,8.837095315427852,4.627006214649815,3.4748728179551103,3.227375079242092,3.459465770171149,3.106781598425932,0.9974139067105914,0.0,0.9132981015905582,4.836129453545651,1.3407451179048153,3.5383688636020345,0.0,1.868,0.933365853658536,0.0,1.7011743757018347,1.3528735212168248,0.0,1.7180578165172187,2.6599999999999997,5.0448421900161025,0.0,2.65300759296515,0.0,1.8095569620253156,2.3899999999999997,1.6859999999999995,4.118560805948669,0.940389064232707,0.0,3.5457095623987036,0.694603419886005,1.79736122840691,4.401483628682078,2.3847051428571313,0.0,5.172641139374188,4.090046289569275,1.6800000000000002,0.0,2.066,0.034684177081127865,6.013676482534525,4.988631496269146,0.5216410256410243,2.6152046297537637,2.675080835033747,0.0,0.0,0.007289651900098938,0.0,0.5481757677275254,2.7631821675634125,5.522762071527116,3.3323832639014666,5.62,6.614616208233339,0.22280468750000038,5.679552908329456,3.010675487862921,0.412,0.09744637868042291,4.501011891891891,2.6540143682208734,7.894124482418664,3.29,6.875014801657786,3.629999999999999,0.0,3.678,0.7866856169296983,3.6970045273173717,1.7125997379626658,4.260398125798666,0.0,1.82,9.746674685960327,0.0,0.0,2.531999999999999,0.0,1.8879982263214,1.7728631578947378,2.669754838105055,2.7072198033707866,9.150263730764419,0.0,5.863796135909393,1.7600000000000002,0.0,0.0,1.4181378254211345,5.88892950075643,1.9872603174603156,0.6524095615689609,3.952342973800612,3.228797232014623,0.0,1.6392547801683812,5.471383736380547
P15,0.5458224598930462,0.664350864422202,1.857692511046231,5.931569023569022,0.0,0.7727996546737376,6.460754587181411,0.0,1.1270230534331442,1.434012461059185,2.1765389591564666,3.603020634271718,0.8825588792124189,6.090462639204885,3.853328808316104,9.372466744439143,10.137380853565489,7.05682437619962,1.698416164410632,0.0,0.0,0.8079606051955465,6.878574545454545,0.0,0.0,0.0,5.316057641215088,3.1637828897910083,0.0,1.5755267034990774,0.39104360056257614,1.1446278586278602,1.5120357275786491,7.497999999999999,5.867879955562255,3.8018673740053055,5.524084329075677,0.6998136475746796,9.406889913069682,6.225372328458941,0.0,0.04368086060062899,6.107886213412115,7.649567854674987,0.18996765827135623,6.924562487041007,0.0,4.1403466850828705,3.6477234397829266,5.5625347462266435,10.163794783990898,3.9162460069040756,3.641368668232133,5.98535503560529,0.0,5.819268882175225,2.2614525999579875,0.1605318629329519,5.526573523421587,2.351373716341384,0.0,5.721012018489984,6.121870692439208,0.6715273477812115,5.133289056197903,1.9977624224746258,5.33,5.895290733932047,0.0,0.0,6.302946312798375,3.9201095334685596,5.477262957317072,3.384042935596604,1.4279129333619305,7.7940000000000005,5.740613861386137,0.0,7.5178851232337225,6.523643352909769,3.217424304141208,0.0,3.5685618348672024,4.00291506767812,7.3542667719021315,1.0245898154815491,0.0,0.0,1.7786171120592866,0.0,0.3016091954022945,6.942601572545182,3.749507001321003,0.8291579461615259,1.3310885009030715,5.4555690109063555,8.934000000000001,1.151927904251156,0.0,0.0,5.28564794816415,1.3313312597200606,5.924954942070549,3.578398959772948,3.9189833353924732,2.584144875155412,0.0,2.54,3.985371269951422,0.0,2.7816530931887535,5.139844197138315,3.7571543885241905,2.0981284982262496,0.0,7.827490241339583,8.195993592823966,6.289980436571191,3.2879999999999963,4.047390195180067,4.528725026091022,0.0,4.9956411512553585,7.418429139735908,1.051952176578786,2.5443086947668507,5.941437543183388,3.710401166106658,1.7667086823018796,3.3798355280378503,0.39809082071934393,6.6942077681566365,0.0,0.34819268717353535,9.990266015512786,2.6110278372591007,4.2617167364040585,0.0,0.0,0.0,6.516772036474163,2.8744290414564575,3.8620305563562987,0.0,0.6497466046511637,1.0534057535422952,5.271842997781006,6.330911627906977,2.1294690815006496,6.169399805762378,5.898831733198589,3.98205006257822,3.8788559223300934,4.001198637911464,0.0,7.349032000443091,1.1077915497776252,6.777157938797443,5.14030689206762,9.50925328759291,0.0,6.136280904786955,2.8768446050593717,1.7337040735873817,3.418180713162133,2.0937944908696893,0.0,5.00525942557521,2.2240879421002298,6.3180000000000005,0.0,3.9182276890866254,4.03858098778544,3.7253631788964348,3.1748688575227306,0.0,3.181909428604068,0.5930987624362993,4.290455228981546,0.0,3.3760396776193424,7.476934329951947,2.7035221122112194,7.689977288142355,3.6305806749884417,0.0,0.0,3.742722142390594,9.046483881862947,2.6303839152289057,0.0,8.693518257527224,3.414084526452486,2.9199820768032314,2.550491091674766,5.523684496826834,9.326019491906457,0.011557894736832195,1.6155286071726456,4.316958275382475,4.397557226730095,4.300884677448407,6.5120000000000005,0.0,0.39471968616262537,7.8700999583506865,5.685926616734956,0.0,1.2762081323225394,7.3691354381823535,4.90039348554268,1.1589726600192993,0.8664434657319641,2.328346076077768,5.116489395905239,7.195095051330747,2.9533603092126346,4.149848226684385,0.0,2.9499345977594773,6.816693444486553,1.2780740740740717,2.4326266748035814,2.289300478116952,7.13,5.28260251725538,4.7109369595821535,2.3205890900135437,7.210264698304999,4.208087825274017,6.011184154175585,6.35961581275867,0.0,2.960019992287996,0.0,0.0,7.16582448603884,0.0,4.73838632986627,3.092802796140559,3.138269714285715,5.367447852760738,1.6498556770395256,5.1856572452643235,6.9070058829710845,3.0583214601118636,4.219853879310345,4.747753204244021,0.0,0.0
P16,1.2547014288365195,0.5544993813412552,4.450136505948653,0.0,1.7159104525688516,1.5680982367758198,2.1440406899601943,1.9320484957341673,3.49201526717557,0.0,3.600567153122454,3.37500733098018,0.7331337123604986,0.0,1.6278878773358871,0.0,0.814382417582418,0.7316677424834385,2.95887755441103,0.0,3.1641785540999523,4.589348193697156,0.0,3.654007945704354,0.0,0.0,2.2702507660252484,4.3670824395709955,3.9386159334126014,0.0,2.467774288518154,4.609394181403308,5.151016592920354,0.0,4.199264372729216,1.1956928649040188,0.9307209562943599,1.9699862433862385,4.517452907048512,4.092291013751199,3.2148571428571437,0.7463703703703711,0.0,0.0,4.824239172096589,6.613804685880157,2.9979280423280423,4.309261992619926,7.380223300970873,3.697889089813141,1.3666366902306193,2.68053867524492,1.9755825035561878,3.7875534328358205,0.25630591999999913,4.291344015444014,2.4281197654941358,0.0,0.0,1.8317102272727275,8.84268034188034,4.474,0.0,4.941544307233002,3.5752755288587093,7.6273793103448275,2.02062254627033,7.692714842515537,0.10728593040847222,4.3659650145772595,4.7481404237640215,2.423579070068644,0.0,5.316809843400446,0.0,1.5565665859564106,0.0,0.12596719711022092,0.0,3.6864889821615936,0.0,0.0,0.12112781619451458,2.8870640216411196,0.0,2.211820912439782,0.0,2.1218131512756013,1.6219996575928781,1.9214945215485766,0.0,3.0406933575978137,1.8601384425216319,0.0,0.7243161655254442,5.058452869384575,1.8061120123599843,5.369723916532904,3.3740364748280007,0.0,3.749878787878788,0.0,0.0,0.1196510376633351,6.290808550770198,2.7740436817472696,0.0,0.9006160754378068,0.9238628454452413,0.0,0.0,0.8816208732694358,5.753865546218485,4.044050297816016,2.452668463611858,2.310766798418973,4.14305053314789,0.12201344311880248,3.4382290125442276,0.0,4.8718451776649765,3.9769673846153837,1.0573019517795625,6.445441751000236,0.3631862068965544,7.119428571428571,1.5368505508749195,0.05514251134644367,8.634689945112695,0.0,5.598850320326151,4.3600223332353805,3.8700000000000006,4.393678059536936,3.4123361729179877,3.065647338080706,3.7217644882860754,2.940136820925553,5.493888133618178,5.638597701149425,3.9002116761918533,2.222152408339323,0.0,0.0,6.003245023347259,1.3305451209723667,1.7921030723488587,0.0,3.207165081141578,2.7105214785214784,1.220219469026548,0.0,1.9613663168415787,2.4951331592689288,3.2862407045009796,0.3326986350574697,0.0,0.0,2.387091159586681,6.417119698815191,0.0,1.5212890742671794,0.0,0.3107650640734344,1.2967120954003413,5.990588303416328,0.0,0.0,4.057079049198452,2.5805042686397255,1.4210925373134358,3.243281432139883,5.666290647482014,0.0,4.348929728207293,5.511565514622104,1.0709753930280241,0.6663484486873528,0.0,0.0,4.727521319529741,0.5372707765048178,4.621546142208781,1.3110315058298176,1.5153416149068284,0.6905716829919848,2.9619999999999997,3.486680029261156,3.0018489425981865,3.6634230828338716,0.0,4.428146247594612,0.0,1.2380740740740739,1.7773336418324852,0.0,4.334008374040478,0.0,1.2979007569386067,0.7368147058823511,5.67557881069852,0.0,3.1077747068676715,0.0,0.17063975219411362,5.829489576753,8.823693747341556,5.812154243119266,2.1474688314291424,1.2628969774372074,5.838905496886,2.458146118721469,0.13470614740907763,0.0,7.12697332004871,1.5341324283341726,5.92972667542707,0.0,0.621334031413614,0.23220281690140862,8.152074414331649,0.0,0.0,3.1054090995621553,8.861393762751385,0.7439398403928793,3.865824763903462,1.680225427570575,1.8120305484841455,2.5921466860585896,0.0,4.101952865293972,4.957214264834844,6.504162648140578,0.8398212141427608,0.0,5.5207787396819,6.221125,2.325864262295081,3.653856675392669,1.542427531436134,4.502295179725029,6.51100523341009,0.0,3.240382011605416,0.747886951292842,4.731082368508105,2.9765969665172176,8.586,0.1066460440214182
P18,1.5061339545296097,2.5086449787835927,0.0,0.0,1.513882352941182,0.0,4.998921584478577,0.0,4.101106382978722,1.1112525318523354,0.6703778162911593,0.0,7.405793434747794,4.211801871216289,2.4859999999999993,0.0,0.0,0.0,0.10427543252594085,3.9067740805604285,0.0,0.0,0.0,0.0,0.0,0.0,0.3592437255995533,0.0,5.973166591425795,0.7294620390455558,0.0,4.027039106145252,0.0,0.0,0.0,0.0,6.725999999999998,0.2657231833910067,5.786346529562981,1.8765646749835807,0.0,0.2474215139442315,0.4633977666538344,3.5434054286945282,0.0,2.0387530695770817,0.0,0.0,1.9220222496909773,0.0,2.0386629040533575,1.0351853211009148,5.381254791719907,0.0,2.3157767612076863,2.651958264689729,7.044704791344666,4.797999999999999,2.9029379450661206,1.4110977033865302,0.0,1.6398931506849295,0.0,0.0,9.137773092369478,0.0,0.14761154116818662,0.0,0.0,1.7847888662593334,0.0,0.0,0.0,7.799845082680593,0.0,0.7093570680628312,5.386735930735924,0.23628604741546697,4.63374151734655,0.0,0.0,1.185474339035774,0.08897029702970206,4.594705530642753,5.618914051841746,0.09857761732851665,0.2628929889298888,5.745999999999999,5.3605556967386665,0.0,0.0,0.0,0.0,0.0,0.6666230916030539,0.0,1.8667234798047059,0.0,5.2567968589962435,3.853217391304348,1.7840671140939597,0.0,0.8028910439246982,7.65680733944954,3.394005020920505,2.0445410764872527,1.0277615999999858,1.33832954545455,2.6275810885101683,1.5888613138686078,4.814559360730589,0.0,2.0603239740820722,0.0,0.0,2.1286686724332466,2.9313928043371016,0.0,4.842964078002052,0.0,0.0,0.0,2.795190217391311,0.0,11.51,0.0,6.183982795698925,0.0,2.4638701426463347,0.6525085574572176,1.0623461063040782,0.8277541696881808,0.0,3.5849359331476345,1.161824239497827,2.2800296296296323,1.307693023255814,0.0,0.0,7.565835564053535,0.0,0.0,0.2044886877828012,0.20242402510084936,8.6,0.0,0.3288253760627881,0.0,3.256651296829962,0.0,1.3743152317880738,0.0,0.0,0.0,1.1101528795811522,3.1573563829787337,0.0,5.659428752374922,3.742832884902843,2.415673262303407,1.888,0.7267201291711515,0.8225072788353843,0.0,0.013870028011206398,0.2948387096774122,2.2320597439544816,0.0,0.0,0.5930595876282072,0.0,0.0,4.522359941944848,0.10071269970214121,0.0,0.0,0.12482670089858663,0.0,2.3550324599139616,4.378677419354837,0.0,0.0,1.1689674143038513,0.5583462050599203,0.0,0.0,0.0,2.0506738918235885,0.0,2.864,0.0,0.48069757979656397,3.8950134987230927,4.068764227642277,NaN,0.0,0.0,0.0,0.0,7.644,0.0,0.0,6.873776207302707,6.254899158979186,0.618174045801527,2.976916012084592,7.195717767295597,2.3563469581749015,0.7144757804090526,5.588100651272943,0.0,0.0,0.056500446030335404,5.988933981931897,8.459977154724818,0.0,6.138,0.0,0.0,0.0,0.1453074547860596,6.683491491491491,0.0,2.4675351089588355,0.0,2.476431712191872,0.0,0.0,0.0,0.6211550671550666,5.420949941792785,0.0,8.036684752574732,3.192356073211314,0.0,5.400408495255311,0.0,0.0,4.19773987206822,5.15360019361084,1.8396883534136597,0.0,1.3195841336116891,0.0,0.0,0.0,0.0,0.0,0.0,0.6746263678999456
P19,4.641541984732825,3.506630737948962,1.9258860494391663,5.160435577417154,4.824685816876123,0.8275194524495679,3.7716437731547447,2.6719999999999997,2.6157203834931217,0.7967558837101985,2.632,1.6991053984575837,0.6581616832779624,3.76837775202781,2.8316864442538088,6.264984948818319,1.834401046207498,2.539519120304955,2.7983013203613623,4.40779082499528,4.412190077704722,3.498,1.9000213419090775,6.903337138084632,1.8784151604812571,2.6396501344077077,3.6323124999999994,1.8386473746829517,3.7200480404551204,1.66,7.4142331302779905,1.8826167597765364,3.536978102189781,3.472402581845671,5.518622478474047,1.4901576086956523,2.6100160497113407,3.4948245318537605,0.7226284230344738,5.586997903563941,5.606782219812982,2.8170282972518024,4.634123016424463,NaN,0.8838698677800975,3.5125105345693988,5.132,1.911794980859209,3.2785552122787784,7.883940665320811,0.7094772568229532,1.8900534617936475,1.4037516025641026,2.5427789473684212,0.9778533987273834,5.3119947289622,1.652086535356797,1.84,1.662,3.2685240918974836,4.164824629392686,7.321999999999999,2.5799549191825903,1.672747661675565,2.8492661127828773,1.8347347221021697,4.156459885635073,0.7445420408163267,3.5324292850452705,5.31433977586487,1.613065989847716,7.03693946130383,4.498072248193795,3.5681229961429985,1.6419796484736355,5.836,3.8225436001102637,3.5666469552893476,6.102576105128837,2.607923474663908,0.03054186717998076,3.2158947368421056,0.9163492063492064,0.7368909512761022,1.4161430876815493,5.547003967504251,0.9521000944287065,3.4527798373983742,4.425996147760886,6.501865951742627,5.2991462383612795,4.689464633178184,3.4716225657498496,0.7144854142357061,0.9243085201793722,2.8636819068476616,0.722,6.20805695039804,6.288532755539825,2.8882520661157023,0.053645983426145294,3.4524326965792977,3.441338663620788,3.7303640125475543,1.8786970321193779,2.625309922417313,9.097961872157128,0.9485751107531213,7.21717858191983,3.156098360655738,2.802,2.0300000000000002,6.013196594427245,4.680655553401822,9.830791165790076,4.502970967660451,1.5896456066110116,4.355333637816853,3.2605527318932657,1.6677340103505516,2.478,3.5106493633954616,4.773169637492489,3.6897101910828027,3.702308431991012,0.9244899738448126,3.756228335381773,1.7203762516916925,0.7261009196277957,4.470643370892079,3.808,4.410302522538931,NaN,1.5861818181818181,2.1536362130830806,3.4656511845386535,4.163688374783113,3.4612360499911987,1.618778893253378,3.9883826448768276,6.953215357607366,1.0204832511973034,5.896800548617628,3.6968970175973466,6.493514485701669,6.324464564113567,1.3685475638051043,3.493309671694765,10.266325653330625,1.8779155177791906,2.5983607689790955,2.0969155145929337,5.375273178110828,2.6472319123973405,1.8223564175877935,3.8698382327137852,4.058730446725041,1.8857913868912706,0.7238754669987546,5.862000000000001,4.682,5.990945528692107,0.0351555826723612,1.0462568281076852,3.4974002386444196,5.364000322113061,3.4410252129279715,2.312284771334276,8.350265274646517,1.4767242136064376,2.7493804447151993,4.150547348923362,4.325201761264251,3.5048971055713567,6.317425559566787,2.786340343158821,5.355656280077401,2.638112930261168,10.077143971907923,6.216152594217117,5.308,4.407504760687584,2.891204889254643,0.7556109054733839,5.3393046647230324,2.5680047430578403,4.461568341042552,8.44704865476465,4.415579493835172,0.9225215633267482,4.604894425856054,1.9000000000000001,3.4383310613209073,0.03431230283911672,2.3736296488294317,5.118636851477894,3.28431867448335,0.7849871995004684,5.153999999999999,2.6599999999999997,2.53605561277034,1.9000000000000001,4.4053558156731,1.6804691249498782,2.7942638499676655,4.053929469002558,4.357831845038797,1.9344833390160676,4.61,6.040789376834142,5.255158111587984,5.8601157885503,3.2212882003571868,2.542906029331885,2.8396344069716064,5.302749684577334,3.41,1.8972414844941536,8.356171413432243,2.577063636025876,4.404202914361412,6.898256770176775,NaN,0.7257256753212693,3.6824104984459543,6.529089146895508,0.2090411396618294,2.5331456692913386,3.7416546809098414,7.946556291390729,4.751157791436392,3.7165950981479425,1.9212614845882634,2.8874710316605645,4.465303439632363,2.5691982942430704,0.06865119196988709,1.9590003487966519,3.2371466666666664,5.615406580542665,5.413728813559322,0.05002354480052322,0.9370251026928345,5.426572540693559,5.100771710692886,3.534947145877378,6.857302639030467,4.37606162038798,5.9668474752730525,3.7267395151981533
P20,0.094,0.064,0.048,0.0080,0.0060,NaN,NaN,NaN,0.036000000000000004,NaN,0.03,NaN,NaN,NaN,0.128,NaN,0.044,0.027999999999999997,NaN,0.01,0.028243906942392906,NaN,NaN,NaN,NaN,0.05520553633217994,NaN,NaN,0.027999999999999997,NaN,NaN,NaN,NaN,0.03279710453480946,0.027999999999999997,0.036000000000000004,0.038000000000000006,0.024,NaN,NaN,0.064,0.0,NaN,0.0060,NaN,0.03787715879309188,NaN,NaN,0.04,NaN,0.10994141001855287,0.05,0.056,0.014,0.036000000000000004,0.01,0.01,0.034,0.068,NaN,NaN,NaN,NaN,NaN,0.01630224887556222,0.046,NaN,0.0,0.0,NaN,NaN,0.04,NaN,NaN,0.041999999999999996,0.0080,NaN,NaN,0.06175871034841395,0.05600000000000001,NaN,0.088,0.066,0.019222684132088785,0.06738766630407497,0.0,NaN,0.05,NaN,0.036,NaN,0.013394250513347021,NaN,0.01,NaN,0.028657164291072755,NaN,0.028000000000000004,NaN,0.042,0.02504337349397591,NaN,0.016383233532934166,0.02613006134969324,0.01663825136612022,0.034,0.034,NaN,NaN,NaN,0.052000000000000005,0.01,NaN,0.016,NaN,NaN,NaN,NaN,NaN,NaN,NaN,0.0080,NaN,NaN,NaN,0.018000000000000002,NaN,NaN,0.028,0.0020,0.044,NaN,NaN,0.016,0.054,NaN,NaN,NaN,0.088,NaN,NaN,NaN,0.0486948717948718,0.0,0.0,0.0,NaN,0.0,0.04835742318368909,0.0080,NaN,NaN,0.010898373983739837,NaN,0.012,0.04000000000000001,NaN,0.012,0.034,0.038,NaN,0.0,NaN,0.01,0.042,0.054,0.016,NaN,0.04000000000000001,NaN,0.01,0.046,0.02,0.04738350527087209,NaN,NaN,NaN,0.0060,0.042,NaN,0.056,0.038,0.022,0.0060,NaN,0.0060,0.0080,0.066,NaN,NaN,NaN,NaN,0.024,0.04453441077441076,NaN,NaN,NaN,NaN,NaN,NaN,0.04,0.094,0.0040,0.03251238670694864,0.054000000000000006,0.02794511378848728,NaN,NaN,NaN,NaN,NaN,0.08,0.044,0.02255155238253362,0.0080,0.032,NaN,0.022,NaN,0.027999999999999997,NaN,NaN,NaN,NaN,0.057999999999999996,NaN,0.022,NaN,0.05996208530805688,NaN,NaN,0.06021783906440914,0.078,0.04000000000000001,NaN,0.046000000000000006,NaN,0.014,0.026000000000000002,0.0080,NaN,NaN,0.014,0.062,NaN,0.0040,NaN,NaN,NaN,NaN
P21,1.904,1.868,6.500000000000001,1.8672450567433574,0.9333548223350254,2.836,0.022000000000000002,2.8090173577954434,2.7793407049067036,0.93,0.9289280654726543,3.736,1.86,2.798,1.8980000000000001,1.8860000000000001,1.89490097070215,4.688,1.882,3.727823773898586,4.661999999999999,2.84,1.848,3.718,0.9293879432366713,1.8860000000000001,2.8,7.388,5.614,2.773110786106033,7.426902289223897,1.858,3.7139999999999995,4.672,1.9020000000000001,2.766,3.7144815276048155,2.7600379851362513,0.0080,1.901573343261355,2.77,3.7804623524747645,1.902,2.762,2.7659999999999996,1.8779700049311623,0.990613473458248,1.84,1.8781226257914028,3.7119999999999997,1.8691417065190032,0.9396033364226135,1.868,1.8539148936170213,1.8820000000000001,0.9348032094797188,3.6919999999999997,0.9560000000000001,1.8375644748078566,2.821999999999999,1.8840000000000001,0.9564539727071211,3.71,1.876,3.7320676557863504,2.7921702255822187,1.8960000000000001,3.74,1.8375818251675442,2.8079999999999994,2.8039479216507184,1.8290547678621072,4.628,3.7299999999999995,2.7963249801366596,1.866,3.7232891487759128,1.8800000000000001,3.698,4.6499999999999995,5.525092654424041,2.798,1.857469641823546,0.05600000000000001,0.022000000000000006,0.928,0.018000000000000002,2.7910620962057417,5.579999999999999,2.785651573493969,0.01,2.8200000000000003,0.9580000000000001,3.738204486176317,5.576,4.694,3.7,3.7220000000000004,1.8840000000000001,0.9460658485305069,5.516,3.7279999999999998,1.9035550988001246,2.7684750337381914,1.842,0.9540000000000001,2.7977845151037672,4.692,1.8880000000000001,0.9279824707846411,2.832,0.9520000000000001,2.8213399339933996,3.6820000000000004,0.016,3.7065071350164653,1.8341813509544789,5.521326159554731,2.759860049908672,0.976,2.782,1.8840000000000001,1.9040000000000001,1.8840000000000001,3.707706326723323,0.9553142667110077,1.866,2.794,0.9820000000000001,3.6988854875283446,2.835963103931646,3.708536400537484,3.7619999999999996,3.7279999999999998,1.856,2.8,3.7059999999999995,4.638,5.600143067645632,0.9912092373048523,2.7670350877192984,0.9400000000000001,4.7059999999999995,3.7420000000000004,0.9345473806715421,2.732485077763766,2.798,4.608978165938866,3.7439999999999998,0.0020,8.386000000000001,0.9340559580854495,3.748,0.9400000000000001,3.7159999999999997,0.9476811228512854,1.848862590401052,1.8300670690811536,2.832,4.6511049107142854,2.7608687664041995,0.899483437349976,0.016,5.564,4.652,3.740743293923697,3.7224562403815433,1.848,2.793454552795198,1.854,2.794,0.016,1.012,4.646,2.7919999999999994,4.6699773491246885,2.7653745333886355,0.93,3.7299999999999995,3.75,2.7712613827993255,2.8482898550724634,2.7508706872370268,4.661999999999999,3.7199999999999998,2.776,3.7479999999999993,4.63,0.038000000000000006,0.03589889705882352,3.747421316966917,5.544511884273855,3.686,0.964,1.902,4.627999999999999,3.7249911678115795,4.636,5.534,2.79,2.7782690591608863,1.8659999999999999,3.707980397024589,4.630892094291455,3.6839999999999993,2.792,5.655939198792238,4.622,3.7980000000000005,3.736690144690145,1.8820000000000001,1.842798418972332,1.8932889784946239,2.8219999999999996,2.812167079428108,2.8279999999999994,1.8281014864209069,2.7591831414242804,0.93,6.498403152008134,2.7598312205722566,4.6000000000000005,0.952,3.694,3.724112977150636,3.684,3.694,2.7979999999999996,3.716,2.7859999999999996,4.648,4.62435798816568,1.848,0.028000000000000004,0.9486680944877488,4.643999999999999,4.6499999999999995,0.9500000000000001,0.930007892425919,3.7499999999999996,1.848,2.819586545185628,2.7843800322061196,1.9040000000000001,0.956,1.8600316014927176,0.9560000000000001,2.780442742154653,3.7159999999999997,4.725044127630685
P22,0.0962696657824933,0.12897165369731345,0.1298088424748359,0.0674799325672395,0.32827331590707715,0.21411464469808542,NaN,NaN,0.23753476780364444,NaN,0.26276323399592094,0.18259709581756825,0.1416102109300095,0.11578928663976604,0.12400452115680426,NaN,0.12694053601340033,0.1156439048888182,0.09998609046804455,0.3879193057924794,0.0,0.08756173624151375,0.0,0.05734475634949561,0.2765780748198941,0.17760365654587007,NaN,NaN,0.0,0.09599458107036064,0.09585348478252265,0.0,0.19569838472124973,0.197875630321312,0.12382462232511204,0.21261367257317082,NaN,0.0,0.225176104542626,NaN,0.07909145299145302,0.23198103967761466,0.08973447542397238,0.0,0.10418163973041944,0.04022980420364506,0.09507122878207218,0.0687257817428134,0.09406311497689591,0.07258309774654804,0.024904127069411378,0.22999152630684097,0.11090944716585024,0.10758582089552239,0.23846563044995997,0.15969352708058107,0.33867616099071207,0.0,0.20641738286598227,NaN,0.09221461524173845,0.21039538002980623,0.0,0.20208423335745887,0.0,0.0,0.28129794537281344,0.21745061997904294,0.29824451544032665,0.08056817411349923,0.20114449648711943,0.10492921794057039,NaN,0.3102879946790821,0.13247479826920838,0.1534000770582995,0.004176274660517554,NaN,0.0,0.05176090733722792,0.07083327901908466,0.1236070611310886,0.11342349131586693,0.19942190208255306,0.09843428923835955,0.2084400397604904,0.12193833975770925,0.07998036947791154,NaN,0.033099674972914356,0.3244064434993808,0.15541728561782586,0.12206445038569426,0.0,0.07350367095906202,0.14297524839532225,0.0858619239784452,NaN,0.19421390560258375,0.0,6.402868485081333E-4,0.0,NaN,0.22550217746325527,0.1079479667174499,0.0,0.10345183665455183,0.0,0.09342877062514518,0.0,0.0,0.1309210264900662,0.0,0.20137398578248084,0.12515031604912896,0.17361670993627568,0.0,0.05061535887569017,0.0,NaN,0.08261579495186053,NaN,0.12749947342026077,0.0,NaN,0.0,0.0,0.09455196257880821,0.11128726059065787,NaN,0.0,NaN,0.0,0.08388433430573516,0.1181131334380742,NaN,NaN,0.21400000000000002,0.09099240053643266,0.18009845577912967,0.09953178847296494,NaN,0.004491525423728819,0.24382143250688695,NaN,0.2426453604141776,0.0,0.16796428571428565,NaN,0.16333274563678954,0.14346436002615778,NaN,NaN,0.2006758535440821,0.0,NaN,0.21950518786437315,NaN,NaN,0.20249820313977684,0.12372715743038325,0.20617305789401572,0.0,0.11165540491612021,0.10629034228624351,0.12285033507073714,NaN,0.12874735414527802,NaN,0.06664968393454274,0.17267663678294035,0.1064697169465046,0.08783001854575688,0.0849839496319943,0.22438745033566243,NaN,0.1972015287944549,0.0,0.234,0.12335560393363863,0.18725656797930437,0.0698959667913698,NaN,NaN,0.08756462271077642,0.0,0.06146208640674383,0.0,0.1344533844638334,NaN,NaN,0.0857099164703363,0.0,0.0955786066357684,0.20296131369586187,0.21384067840164458,0.13764966046969007,0.21592849071334655,0.0,0.41956876287410605,0.13082521233795247,0.18210048375537502,0.0,0.20788868135973104,0.09537931034482758,0.1960916441466454,0.09382539156376896,NaN,0.07094138916789,0.1157569391253602,0.10159317088382039,0.21118867924528303,NaN,0.3010660000340119,0.2474017595307918,0.0,0.08077825051055137,0.0,0.22856104174440525,0.1062045956614638,0.10919435501855547,0.17986195263776994,0.09206715064380323,0.200120400365613,0.17421277724716125,0.0,0.08115794573643413,0.09116933878835803,NaN,0.05526652421293108,0.003248962655601664,0.2637105814682801,0.33433714727798364,0.0,0.11207049394264859,0.25483995675605375,0.0,NaN,0.10140344675209897,0.21553912699310168,0.116,0.0930828813614368,0.23525969164217178,0.11421943847928101,0.47245989304812835,0.22599999999999998,0.07617314172402156,0.0868360790246279,0.23100102404338482,0.0
P23,2.012470588235294,5.561638074556643,3.5444917293233082,2.450802201161725,3.1260000000000003,3.2682813710879284,4.372,1.79,2.7463378827001104,2.0968044692737435,1.4463522167487686,5.585317578772803,2.6117640449438198,3.368,2.237972709551658,2.198,1.0472333184057305,3.376,2.383607526881721,11.68,5.3149721886336145,1.4274438122332862,0.6682520398912054,1.4020000000000001,4.561999999999999,0.2673828368163615,1.774,2.5243208349439463,1.8883126239259729,5.443301103179754,0.792,5.924420701168616,4.17,2.4570434782608697,3.826111865761087,3.1013703358208953,2.7503644023170093,1.0485789883268504,6.574000000000001,1.976,2.16,3.639970473970474,3.764,1.5618582474226823,0.9898057142857135,4.263771501925545,1.8368524461839526,1.802,4.2219999999999995,1.396,2.1701972328525176,3.338,5.574,5.210000000000001,1.1987498869289923,2.418,3.186,4.586,3.4185475868290482,1.3238703071672353,4.82,2.343567224080268,0.09295826235093735,1.2187301727957454,2.60176805778491,1.2946037735849054,0.0,4.772,3.558,2.5519999999999996,1.003692537313433,1.491745549283533,3.7800000000000002,3.21,1.4344925482531143,1.327343898573692,3.441036533559898,0.0,7.540000000000001,0.3687889425186485,8.712000000000002,1.507183197199532,3.9120505887483645,4.996606007067139,2.6479741935483863,NaN,5.9225492915284885,2.053573932584271,0.5890358632193484,0.42523314235345916,3.0252140077821017,4.926,2.3499999999999996,NaN,1.8975512820512823,1.2206374952847994,5.499782838552255,1.788,1.2158531468531457,3.7525473025801386,1.121186700767264,1.1550797066014664,0.0,2.5940000000000003,2.791360576923077,4.997842076200995,2.796,1.6916535433070867,2.9659999999999997,1.7924876973925838,1.6099999999999999,6.196,4.15,3.274739299610895,0.0,1.6,1.804,3.3285326012354153,3.3248016398612434,3.8160000000000003,2.8539213275968054,2.048558669833728,0.0,NaN,4.324644505279624,4.45,3.2969650349650355,4.247029562124917,0.6,1.1129125799573556,2.9779999999999998,2.03946954674221,2.9939999999999998,2.572,0.43871641791044597,2.2498339674852987,1.7264381625441696,4.762,1.3740895522388064,5.170000000000001,4.141205918618989,0.16863712893221092,5.564,4.392,1.7839436519258214,2.2295552304316013,4.1320263350402335,6.363999999999999,3.1900000000000004,0.41384590517241476,3.723376693766938,6.786,0.4045126877265662,3.1140559566786994,NaN,2.638168083097265,2.596,4.820528623629721,1.0307418814864406,1.3479999999999999,2.564,4.631308785155118,1.6019999999999999,3.586310455420142,3.794,3.6065930764206406,0.0,0.0,3.626,4.60204792746114,2.16154090548054,3.8952439678284185,0.0,0.5871571582346623,0.8359901153212542,2.773238159675232,1.4065912851627143,3.7319999999999998,2.5986682663467304,5.406,5.983349148012029,1.5899999999999999,0.7566013027082628,5.183999999999999,3.2607016468785903,4.03074036939314,1.78,4.436,1.6744244293645902,3.0033306852035735,1.6290872938894283,6.0736962879640055,0.16038838475499298,2.594,0.5810040783034277,3.734,2.746,3.7890555108608206,2.554,0.798,5.443999999999999,1.9789686431014823,7.577999999999999,3.1319021406727847,2.4498589743589747,2.9704170708050457,3.600717485265226,3.19,1.9971020979020981,1.6295253029223113,1.5939999999999999,5.935999999999999,1.771112258765967,0.0,1.3315737404580146,3.4324760097587417,5.9639999999999995,0.0,4.162,3.9439999999999995,2.625251586843624,1.5156812641083528,3.6885020325203253,0.6975027888446234,7.504822113576531,1.808,2.576,3.70088132635253,NaN,7.144,3.3055838751625486,2.138,7.188291450777203,5.354300333030578,2.5566676602086438,0.0,1.2540658899156292,3.5963745427944405,1.3262515337423328,3.403895420591101,4.548,4.0360000000000005,2.1650291187739463,3.8064063745019916,3.102982322545553,4.9891301623469095,4.239863487916395,6.462289419087138,5.729999999999999,3.636412854030501
P24,3.503552680221813,1.5892560175054709,1.8637448463632826,5.014,0.0,1.5483107327455155,3.9135999999999997,1.7205117493472584,0.0,1.9898266818700114,0.8129503879614391,0.9828472622478377,2.646,0.12642105263157893,2.9434275618374572,0.0,4.357016748768473,0.5676645326504481,0.0,0.7592652482269505,1.328,0.889382583868665,0.0,0.0,1.2030367775831858,3.455140127388535,2.782278569351557,1.7753395102581062,0.0,0.5437129300118613,0.0,2.102016442861058,4.287877224845622,3.80986350148368,0.0,0.0,3.9679178937974133,0.024700096432015154,0.2290766355140181,2.1826610778443114,0.0989658792650915,3.311353944562894,4.099966051660517,2.3095204081632654,2.7664143675169184,0.5135347159603226,2.871194873727856,2.235963987138262,0.20390567037625856,4.771981320880587,8.564823578947369,1.769520493609519,4.617025444719658,0.0,0.3486242523110374,2.180760757314976,1.6908557071069645,2.0071687817258885,2.1470035252643944,1.9397234978016593,3.795802164986935,0.0,1.0197821011673147,0.0,2.2159679049034176,0.0,2.9059197828709302,1.9340414031052324,2.4844146219328995,1.0775340380549683,1.676795115332429,3.8051232,1.7350601213458365,2.984272937548189,2.833556441962505,2.717932004689332,0.9109469302809573,2.3979999999999997,2.394505006530257,0.9858070562293275,2.6258469005073914,0.29218855218855405,2.527766971279375,3.7072887490165227,4.230009014810043,4.823203114860482,2.1340000000000003,0.16962801302931527,4.036947189097104,0.0,0.3996731301939057,1.5475645687645698,0.0,4.113931488078926,0.1893335843373492,5.276633228840126,2.8627528830313,0.0,1.5004042879019883,0.3393102189781047,2.638675527039413,3.3149827072152656,2.393451948824755,3.165634925656438,3.1192586666666666,1.3465367561260209,2.447270805812417,0.2915176715176731,0.0032873501997325123,4.09,0.2464103773584899,3.889084656084656,0.0,3.524385852090032,0.5197106918238995,1.158596377148164,0.6302875502008032,0.4692754657154181,2.9063963806187973,4.177438877755513,1.618346441338967,2.5041051888457457,2.5025954198473293,1.2740617886178864,1.4499904306220097,1.7585749063670408,3.157655816179991,1.9223638876093962,4.720701676963812,1.5270454989259912,0.6407830303030303,4.011066818960594,3.197554655870445,1.748193125163999,0.31232336956521767,2.21796843615495,4.384450344149459,1.9083923107100829,4.14048854961832,0.573123941493456,2.491051063829787,1.299027085590466,1.3359322392800415,1.0593796992481206,4.116399119589142,1.4671275123558483,0.702,1.9165631067961155,1.1685138490926466,0.0,0.22201785714285371,0.9868291457286432,1.0106321525885547,3.1863079315707608,3.9325619335347435,NaN,1.7053262077811029,4.169864406779663,0.0,4.099914013784051,3.44,4.215873292867981,1.1003044600073733,0.0,0.5150313504823145,2.1285351800554015,0.0,2.8689973190348526,2.5205088560116686,0.5579455782312925,2.5115056542811005,4.240523480160174,3.499627601938979,0.5728184281842815,0.39284621643612744,1.7855456266565697,2.325789947486869,1.9679725085910653,0.13213104524180969,1.2684655172413795,0.0,2.919734374999999,1.6580989399293282,2.976127906976744,1.5927730673316722,4.546404163052905,0.7133778990450205,1.2394574728736427,2.0259969040247676,1.6112152501985704,1.9080828905419762,1.5763829268292682,0.0,4.745545680238331,2.6316900873528297,3.4335331412103747,0.6025810810810813,1.320718304431599,0.46070229007633584,1.109385404789055,4.057601215805471,0.6346538139145013,2.2216254707292027,0.3114337453291179,0.12059346504559401,3.096244538137218,2.281708737864078,0.9360849393290506,2.5253078158458244,3.3012871287128718,2.5408383937316352,1.313328541226216,1.7349931224209076,NaN,4.068,1.1424181091877497,0.06046661303298443,1.0223789534215073,0.0,2.0942581967213116,2.752451457608986,0.9223449781659382,0.0,1.9105055710306391,0.0,2.7825064666321784,1.9120506329113927,0.7210086956521748,2.1212658686978605,2.368756174794173,2.3817836498761356,2.3317767145135577,1.3390885910428247,0.0,1.488932283464568,0.8908878018954454,0.26978566732412856,2.4901496646664327,0.8155158702476462,0.9999914893617021,3.816182254196642,0.0,2.2113437319468505,0.0,0.8938162291169457,0.0,1.4399002609452018,3.959146086956522,2.1300412099956163,1.2644505606523961
P25,0.0,0.0,1.2693161527841588,0.7922912835601501,0.0,0.0,0.36289732142858083,2.781668457405983,5.414364359586323,2.630499999999993,3.561509615384607,0.0,4.263004275534447,1.5384549356223185,0.0,0.0,0.0,0.0,2.3236376917458035,6.371536231884054,4.8797762210026985,0.0,5.509938025604627,0.0,3.6113432465923263,0.0,0.0,0.3296566634398108,12.071955792682909,0.0,10.202405075646658,0.0,7.851631929046563,0.0,0.0,0.0,0.0,7.15627118644068,0.0,0.0,0.025517625231912672,0.0,0.0,0.0,0.0,2.678470989761097,7.323271781534467,0.5156545043590628,0.0,4.629884461588425,0.0,0.0,0.35303096330274697,6.245458110516926,12.031203956665099,0.0,9.028666666666668,3.189750979801038,0.0,0.0,2.300651629072678,3.782550621669599,0.0,0.0,3.280070796460173,0.0,0.0,0.0,0.0,0.0,0.0,0.0,0.0,1.7494795539033463,8.951056517477952,0.0,0.0,0.0,0.0,0.0,0.0,7.664092202059831,0.0,2.5842955112219554,0.0,0.0,7.983506376594147,0.0,7.753001218026827,0.9159733777038294,7.628609523809525,9.979180610889774,0.0,0.0,0.0,0.0,0.0,0.0,1.2327894736842187,0.0,0.0,0.0,0.0,0.0,0.911347157190625,4.085621477532373,0.37766838046273077,0.0,0.0,0.0,0.0,0.0,4.481848009650181,0.0,0.2608308168795983,2.3294672324375236,0.0,0.0,6.61303448275862,0.0,0.0,0.0,1.427405253283281,0.0,0.0,0.0,0.0,0.0,0.0,0.010335025380722205,0.0,0.0,9.906780327868852,1.558189987163019,0.0,2.322495314591695,7.229893719806767,0.0,0.0,5.1482714097496505,8.12595169082125,4.090216721158347,0.0,0.0,0.0,6.0562278481012655,6.712892938496585,8.184284263959393,4.427451399495705,0.0,5.736733416770957,0.7447629362214288,8.20436730888751,6.477739999999998,3.2706855895196467,0.0,6.081192955589591,0.0,0.0,0.0,0.0,11.220789702053802,0.0,10.729704314720808,0.0,0.0,0.0,0.0,0.0,0.0,0.0,0.0,0.0,0.0,0.0,0.0,0.0,2.414419704433498,0.0,0.0,0.0,6.394288958274198,4.186466447677144,3.522792563600785,7.269513157894747,6.443246584255033,0.0,0.0,4.7803975581838944,0.0,5.963452332657202,0.0,8.796574943347379,10.172034482758628,0.0,0.0,0.0,0.0,0.0,2.4509284403669747,7.384844036697249,0.0,6.663556270096455,0.42794602587800323,0.0,1.7272271714922047,0.0,0.0,3.079063788027464,0.0,7.614797877472257,0.0,0.0,7.063557939914167,0.0,0.0,0.9424977511244502,0.0,1.154075848303384,0.0,0.0,0.0,3.8921358313817427,0.0,0.0,0.0,2.06650000000001,0.0,0.0,2.1348732394366197,0.0,0.0,0.0,0.0,0.0,0.0,0.0,0.0,8.155232163973194,0.0,0.0,0.0,0.0,5.023707865168544,0.0,5.89579402906661,0.0,8.010516323024058,0.0,0.0
